,Synset Source,W_Num Source,Synset Target,W_Num Target
0,200001740,0,200004227,0
1,200001740,0,200005041,0
2,200005815,0,200006238,0
3,200005815,0,202200341,0
4,200010435,0,202122522,0
5,200014742,0,200015806,0
6,200014742,0,201177314,0
7,200014742,0,201177505,0
8,200015303,0,200017282,0
9,200016380,0,200017282,0
10,200024649,0,200024814,0
11,200031820,0,200802136,0
12,200031820,0,200851933,0
13,200033955,0,200742149,0
14,200036362,0,200025034,0
15,200044149,0,200046534,0
16,200046534,0,200044149,0
17,200046534,0,200045346,0
18,200067545,0,200046022,0
19,200101956,0,200006238,0
20,200101956,0,202200341,0
21,200102974,0,201827745,0
22,200135857,0,200429060,0
23,200135857,0,202539788,0
24,200138508,0,201510399,0
25,200138508,0,201510576,0
26,200146138,0,200205598,0
27,200146138,0,201808626,0
28,200147815,0,200204391,0
29,200147815,0,200334186,0
30,200147815,0,200397405,0
31,200147815,0,201113806,0
32,200147815,0,201997862,0
33,200147815,0,202530003,0
34,200147815,0,202537642,0
35,200149583,0,200248659,0
36,200149583,0,201108627,0
37,200149583,0,201111028,0
38,200173338,0,200641252,0
39,200181664,0,200181559,0
40,200217152,0,200751131,0
41,200230746,0,202540347,0
42,200246217,0,201139623,0
43,200262703,0,200764902,0
44,200277935,0,200621058,0
45,200277935,0,201463520,0
46,200292507,0,200778275,0
47,200298556,0,201994288,0
48,200298896,0,200407848,0
49,200298896,0,200677683,0
50,200298896,0,200724150,0
51,200298896,0,200851239,0
52,200298896,0,201643657,0
53,200298896,0,202717831,0
54,200305109,0,200437449,0
55,200311113,0,202516255,0
56,200314272,0,202676496,0
57,200319214,0,202153387,0
58,200328802,0,200436404,0
59,200334186,0,200209174,0
60,200339464,0,200345508,0
61,200339464,0,200426749,0
62,200358431,0,200224168,0
63,200358431,0,200242026,0
64,200358431,0,200427683,0
65,200392960,0,200305417,0
66,200392960,0,202683671,0
67,200394813,0,200620379,0
68,200416705,0,202672540,0
69,200421408,0,200156485,0
70,200452512,0,201194938,0
71,200452512,0,201695567,0
72,200461493,0,202148109,0
73,200473322,0,200236592,0
74,200473322,0,200429060,0
75,200473322,0,200472671,0
76,200481941,0,200486703,0
77,200508032,0,200234725,0
78,200519056,0,201763101,0
79,200607780,0,200611256,0
80,200617748,0,200618057,0
81,200622384,0,200621653,0
82,200622384,0,200634906,0
83,200623151,0,202660819,0
84,200628491,0,200629889,0
85,200628491,0,200630380,0
86,200628491,0,201634142,0
87,200637259,0,200634906,0
88,200637259,0,200712708,0
89,200640828,0,202645007,0
90,200672433,0,200672017,0
91,200672433,0,200673766,0
92,200704249,0,202640226,0
93,200715868,0,202629390,0
94,200721437,0,200598954,0
95,200752493,0,201469770,0
96,200752493,0,202384686,0
97,200752493,0,202486693,0
98,200759269,0,200894221,0
99,200779601,0,200779360,0
100,200792471,0,201097960,0
101,200792471,0,201629958,0
102,200792471,0,201646866,0
103,200853633,0,200851933,0
104,200889947,0,200884814,0
105,200913065,0,200912048,0
106,200913065,0,200975584,0
107,200918580,0,201139104,0
108,200941990,0,200916123,0
109,200941990,0,201051956,0
110,200947857,0,200947717,0
111,200947857,0,201101313,0
112,200952524,0,200825648,0
113,200954422,0,202193194,0
114,200962447,0,202542141,0
115,200996485,0,200966152,0
116,200996485,0,202343816,0
117,201002481,0,201002618,0
118,201040550,0,201860620,0
119,201072949,0,201081652,0
120,201078783,0,201084048,0
121,201086103,0,201081505,0
122,201090335,0,201131197,0
123,201130607,0,201389942,0
124,201136614,0,201136964,0
125,201156834,0,201197980,0
126,201158572,0,201157517,0
127,201166351,0,201167537,0
128,201166351,0,201167640,0
129,201166351,0,201196802,0
130,201167981,0,201167537,0
131,201167981,0,201167640,0
132,201169704,0,201197980,0
133,201170052,0,201175937,0
134,201170052,0,201202374,0
135,201173933,0,201174099,0
136,201206218,0,201979702,0
137,201212230,0,200968211,0
138,201212230,0,201392237,0
139,201214265,0,201214786,0
140,201214265,0,201312371,0
141,201214265,0,201434278,0
142,201214265,0,201572510,0
143,201214265,0,202492584,0
144,201214265,0,202569630,0
145,201235769,0,201240308,0
146,201238640,0,201412346,0
147,201238640,0,201414088,0
148,201238640,0,201909978,0
149,201239619,0,201240308,0
150,201239619,0,201417705,0
151,201249724,0,201232738,0
152,201249724,0,201254013,0
153,201249724,0,201548718,0
154,201252971,0,202516255,0
155,201255967,0,202467662,0
156,201256600,0,201259458,0
157,201257173,0,201257507,0
158,201257173,0,201258091,0
159,201257173,0,201299268,0
160,201259458,0,201256600,0
161,201260428,0,201260685,0
162,201261018,0,200677445,0
163,201269521,0,202158034,0
164,201281611,0,201281343,0
165,201285440,0,201286913,0
166,201289155,0,200768630,0
167,201290255,0,202705535,0
168,201290422,0,202716165,0
169,201306853,0,202284662,0
170,201306853,0,202290029,0
171,201309143,0,201549719,0
172,201309701,0,201173057,0
173,201309701,0,201312261,0
174,201309701,0,201313923,0
175,201312810,0,201174099,0
176,201312810,0,202290029,0
177,201314738,0,201314440,0
178,201323958,0,201327582,0
179,201339294,0,202172534,0
180,201340283,0,200715541,0
181,201345109,0,201347678,0
182,201345109,0,201587062,0
183,201348174,0,201347678,0
184,201348174,0,201348452,0
185,201349130,0,201349318,0
186,201350449,0,201281611,0
187,201350449,0,201375637,0
188,201350449,0,201468058,0
189,201350449,0,201506157,0
190,201357429,0,201328513,0
191,201357831,0,200715541,0
192,201360571,0,201360715,0
193,201365549,0,201366426,0
194,201369346,0,201254324,0
195,201369346,0,201259691,0
196,201369346,0,201552390,0
197,201369346,0,201562061,0
198,201369758,0,200643473,0
199,201369758,0,201259458,0
200,201369758,0,201560984,0
201,201369758,0,201566185,0
202,201369758,0,201657977,0
203,201370561,0,201371651,0
204,201370561,0,201586738,0
205,201370561,0,202401809,0
206,201372556,0,202401809,0
207,201378556,0,201360715,0
208,201378556,0,202028994,0
209,201378556,0,202060141,0
210,201378556,0,202077148,0
211,201380638,0,201976089,0
212,201382083,0,200598954,0
213,201382083,0,200677203,0
214,201382083,0,200677544,0
215,201382083,0,201592456,0
216,201382083,0,201957107,0
217,201382083,0,202107248,0
218,201382083,0,202117955,0
219,201391806,0,201391946,0
220,201392237,0,201157517,0
221,201392237,0,201212230,0
222,201392237,0,201392918,0
223,201392237,0,201548718,0
224,201394200,0,201274254,0
225,201410223,0,201258302,0
226,201417868,0,201666002,0
227,201437254,0,200949974,0
228,201438902,0,200967625,0
229,201438902,0,201295275,0
230,201439190,0,201998793,0
231,201439745,0,202304648,0
232,201440139,0,200744572,0
233,201445932,0,201445756,0
234,201447868,0,201349318,0
235,201447868,0,201375637,0
236,201447868,0,201675780,0
237,201448100,0,201351170,0
238,201448100,0,201449053,0
239,201448100,0,201453718,0
240,201448100,0,201505254,0
241,201448100,0,201592456,0
242,201448100,0,201661804,0
243,201449796,0,200804476,0
244,201453433,0,202677797,0
245,201460029,0,200677544,0
246,201483779,0,201955009,0
247,201486151,0,202291258,0
248,201493741,0,200021065,0
249,201493741,0,200213794,0
250,201493741,0,200486018,0
251,201493741,0,201327133,0
252,201493741,0,201355906,0
253,201493741,0,201569017,0
254,201493741,0,201790739,0
255,201493741,0,201800422,0
256,201493741,0,201819387,0
257,201493741,0,202760495,0
258,201494310,0,200742320,0
259,201494310,0,201308381,0
260,201494310,0,201363648,0
261,201494310,0,201463963,0
262,201494310,0,201474209,0
263,201494310,0,201489465,0
264,201494310,0,201544692,0
265,201494310,0,201570403,0
266,201494310,0,201656788,0
267,201494310,0,201661243,0
268,201494310,0,201979241,0
269,201494310,0,201981036,0
270,201494310,0,202494356,0
271,201494310,0,202573127,0
272,201494310,0,202578008,0
273,201494310,0,202642814,0
274,201494310,0,202702674,0
275,201503404,0,201504298,0
276,201503952,0,202281093,0
277,201507143,0,201304716,0
278,201516534,0,200606471,0
279,201516534,0,201352996,0
280,201522276,0,200435688,0
281,201524523,0,202007680,0
282,201528069,0,202713372,0
283,201539063,0,201282142,0
284,201539063,0,201505254,0
285,201543123,0,200670179,0
286,201543123,0,201984902,0
287,201544692,0,201469263,0
288,201544692,0,201494310,0
289,201544692,0,202265979,0
290,201544692,0,202305856,0
291,201544692,0,202663643,0
292,201545883,0,201590007,0
293,201545883,0,202663643,0
294,201546111,0,201983264,0
295,201552519,0,201255967,0
296,201552519,0,201259458,0
297,201552519,0,201309701,0
298,201552519,0,201549719,0
299,201552519,0,201553987,0
300,201552519,0,201554799,0
301,201573515,0,200846344,0
302,201573515,0,201573891,0
303,201573515,0,201661804,0
304,201586278,0,200711715,0
305,201588493,0,202319824,0
306,201588493,0,202320078,0
307,201594978,0,202587239,0
308,201617192,0,201619725,0
309,201617192,0,201634424,0
310,201628449,0,202627666,0
311,201629589,0,201629958,0
312,201629589,0,201644050,0
313,201629589,0,202522864,0
314,201637633,0,201634142,0
315,201652139,0,202663340,0
316,201682582,0,202148109,0
317,201682582,0,202516255,0
318,201690816,0,200706804,0
319,201698271,0,201754576,0
320,201727684,0,201050565,0
321,201761706,0,202585050,0
322,201770802,0,201761120,0
323,201771535,0,201821996,0
324,201779165,0,201785748,0
325,201822936,0,201776214,0
326,201822936,0,202550296,0
327,201831531,0,201848465,0
328,201834213,0,201848465,0
329,201835496,0,200781000,0
330,201835496,0,200969873,0
331,201835496,0,201856211,0
332,201835496,0,201921964,0
333,201835496,0,201968569,0
334,201835496,0,201970646,0
335,201835496,0,201970826,0
336,201835496,0,201989873,0
337,201835496,0,201992503,0
338,201835496,0,201994442,0
339,201835496,0,202051694,0
340,201835496,0,202072849,0
341,201835496,0,202073714,0
342,201835496,0,202667558,0
343,201849221,0,201970348,0
344,201849221,0,201990281,0
345,201849221,0,202524171,0
346,201849221,0,202619924,0
347,201849221,0,202667419,0
348,201849221,0,202716165,0
349,201852701,0,202676496,0
350,201854132,0,201630532,0
351,201860107,0,201860485,0
352,201866192,0,201867816,0
353,201866192,0,201966706,0
354,201869563,0,202522581,0
355,201870275,0,200618057,0
356,201871979,0,202013840,0
357,201871979,0,202056466,0
358,201874424,0,202623346,0
359,201886488,0,201988886,0
360,201886488,0,202072849,0
361,201887576,0,202072849,0
362,201888295,0,202072849,0
363,201888295,0,202076027,0
364,201894520,0,202522581,0
365,201899262,0,201996574,0
366,201904930,0,201910965,0
367,201907258,0,200897564,0
368,201907258,0,202004528,0
369,201907258,0,202034300,0
370,201911888,0,202076027,0
371,201919391,0,201992503,0
372,201920048,0,201920220,0
373,201920048,0,201920594,0
374,201921964,0,201923414,0
375,201921964,0,201978576,0
376,201926311,0,201883716,0
377,201926311,0,202075049,0
378,201928838,0,202016401,0
379,201950798,0,201955127,0
380,201950798,0,201955508,0
381,201951480,0,202402825,0
382,201951480,0,202465939,0
383,201963942,0,201923414,0
384,201963942,0,202674564,0
385,201966861,0,200616498,0
386,201966861,0,201923414,0
387,201968569,0,201990281,0
388,201970826,0,201989053,0
389,201974062,0,201976089,0
390,201989873,0,201457954,0
391,201996574,0,200780191,0
392,201997119,0,201997376,0
393,201997119,0,201997680,0
394,202001858,0,202002720,0
395,202001858,0,202027030,0
396,202014165,0,202345647,0
397,202016523,0,201855982,0
398,202016523,0,202212646,0
399,202018524,0,202019716,0
400,202038357,0,201590007,0
401,202038357,0,201909397,0
402,202038357,0,201909978,0
403,202040273,0,202063610,0
404,202045043,0,202676496,0
405,202050132,0,200616498,0
406,202050132,0,201912159,0
407,202050132,0,201915365,0
408,202055267,0,200432572,0
409,202055649,0,200438178,0
410,202056971,0,202002720,0
411,202056971,0,202056466,0
412,202058590,0,202640226,0
413,202058994,0,200438178,0
414,202061495,0,202004701,0
415,202062632,0,200909134,0
416,202066939,0,202072159,0
417,202066939,0,202634567,0
418,202069551,0,201202374,0
419,202072501,0,202017937,0
420,202076280,0,202072849,0
421,202076280,0,202076027,0
422,202077656,0,201973125,0
423,202077656,0,201974062,0
424,202077656,0,201981036,0
425,202077656,0,201993926,0
426,202077656,0,202157100,0
427,202123672,0,202126022,0
428,202124106,0,202126022,0
429,202125032,0,202125460,0
430,202125223,0,202125460,0
431,202130524,0,200661824,0
432,202130524,0,200696414,0
433,202130524,0,200877083,0
434,202130524,0,201315613,0
435,202130524,0,201827858,0
436,202130524,0,202128653,0
437,202130524,0,202132099,0
438,202130524,0,202132263,0
439,202130524,0,202167435,0
440,202137132,0,202141973,0
441,202169119,0,202125460,0
442,202169891,0,202189714,0
443,202175057,0,200945648,0
444,202175057,0,201037498,0
445,202179518,0,201651110,0
446,202180898,0,202175861,0
447,202182342,0,200780191,0
448,202199590,0,202284951,0
449,202202384,0,202213690,0
450,202202384,0,202283324,0
451,202205272,0,202205887,0
452,202205272,0,202311387,0
453,202205272,0,202492584,0
454,202207206,0,202274299,0
455,202207206,0,202323286,0
456,202208118,0,202311387,0
457,202208903,0,202209499,0
458,202218443,0,202209499,0
459,202230772,0,200742320,0
460,202230772,0,202201644,0
461,202230772,0,202230247,0
462,202230772,0,202230615,0
463,202230772,0,202293321,0
464,202230772,0,202296153,0
465,202230772,0,202589013,0
466,202236124,0,202216560,0
467,202236124,0,202301825,0
468,202236124,0,202346724,0
469,202236124,0,202656995,0
470,202244956,0,202260362,0
471,202244956,0,202294436,0
472,202251743,0,202215506,0
473,202251743,0,202256853,0
474,202251743,0,202284803,0
475,202251743,0,202301502,0
476,202251743,0,202352019,0
477,202253456,0,201153947,0
478,202256354,0,202279513,0
479,202306087,0,202281093,0
480,202306087,0,202305856,0
481,202350175,0,202629256,0
482,202367363,0,202376429,0
483,202367363,0,202517655,0
484,202367363,0,202536557,0
485,202384940,0,202486693,0
486,202399331,0,202482425,0
487,202406916,0,201993549,0
488,202425462,0,201645421,0
489,202461314,0,202400637,0
490,202461314,0,202473688,0
491,202516437,0,202516255,0
492,202519991,0,202672540,0
493,202530167,0,202531625,0
494,202534307,0,202534062,0
495,202558172,0,202537812,0
496,202571251,0,202570062,0
497,202576921,0,201634424,0
498,202611373,0,201116585,0
499,202611373,0,202638630,0
500,202611373,0,202673965,0
501,202611373,0,202674564,0
502,202611373,0,202699497,0
503,202611373,0,202726385,0
504,202617798,0,202660819,0
505,202623194,0,202623346,0
506,202645839,0,202678663,0
507,202649830,0,201177314,0
508,202649830,0,201177505,0
509,202651424,0,202648639,0
510,202660442,0,202660819,0
511,202681795,0,200235918,0
512,202681795,0,200459776,0
513,202681795,0,200495808,0
514,202681795,0,200811720,0
515,202681795,0,201113975,0
516,202681795,0,201116585,0
517,202681795,0,201131473,0
518,202681795,0,201189823,0
519,202681795,0,202449340,0
520,202681795,0,202496388,0
521,202681795,0,202618149,0
522,202681795,0,202679530,0
523,202681795,0,202682424,0
524,202685665,0,202690093,0
525,202685665,0,202690299,0
526,202685951,0,202685665,0
527,202685951,0,202703539,0
528,202704349,0,202679012,0
529,202710673,0,202703952,0
530,202714974,0,202715923,0
531,202715279,0,202715923,0
532,202762981,0,202762806,0
533,202764438,0,202762806,0
534,202770717,0,202771020,0
535,300004413,0,301442186,0
536,300009046,0,301299888,0
537,300009978,0,301297315,0
538,300011757,0,301980250,0
539,300011757,0,302391867,0
540,300013160,0,301834304,0
541,300013160,0,301932973,0
542,300013160,0,302391455,0
543,300013887,0,300105746,0
544,300013887,0,302021905,0
545,300016756,0,300106456,0
546,300017782,0,302080577,0
547,300018584,0,302082218,0
548,300019131,0,300604617,0
549,300020787,0,301133876,0
550,300020787,0,301195536,0
551,300020787,0,301372049,0
552,300021766,0,300631391,0
553,300021766,0,300914421,0
554,300021766,0,301837744,0
555,300023383,0,300632438,0
556,300023383,0,300915787,0
557,300023383,0,301839417,0
558,300027247,0,301375174,0
559,300028672,0,301376894,0
560,300031974,0,300804695,0
561,300031974,0,300873603,0
562,300033574,0,300875712,0
563,300041361,0,300099290,0
564,300051045,0,302080577,0
565,300051696,0,302082218,0
566,300056002,0,300453726,0
567,300056002,0,301794340,0
568,300060397,0,300457598,0
569,300060397,0,301791911,0
570,300061262,0,300147734,0
571,300063277,0,301140514,0
572,300064479,0,300931555,0
573,300064479,0,301660994,0
574,300064479,0,301870889,0
575,300065488,0,300932367,0
576,300065488,0,301160031,0
577,300065488,0,301661914,0
578,300065791,0,300249721,0
579,300065791,0,300262792,0
580,300065791,0,300326436,0
581,300066800,0,300251809,0
582,300066800,0,300325281,0
583,300067038,0,301898129,0
584,300067038,0,302569130,0
585,300067767,0,301899360,0
586,300067767,0,302570282,0
587,300067966,0,302569130,0
588,300068278,0,301899360,0
589,300068278,0,302570282,0
590,300070939,0,301559903,0
591,300071992,0,301560320,0
592,300073048,0,301798828,0
593,300074346,0,301799035,0
594,300075135,0,300995775,0
595,300075135,0,301817500,0
596,300075515,0,300996448,0
597,300075515,0,301293158,0
598,300077645,0,300251809,0
599,300077645,0,300264776,0
600,300081671,0,300249721,0
601,300081671,0,300262792,0
602,300082241,0,300156101,0
603,300082241,0,301244410,0
604,300082241,0,301628946,0
605,300084956,0,300156839,0
606,300084956,0,301740892,0
607,300085264,0,300531342,0
608,300085264,0,300919542,0
609,300085264,0,301737241,0
610,300085264,0,301923391,0
611,300085264,0,302303077,0
612,300085264,0,302405326,0
613,300087152,0,300529266,0
614,300087152,0,300920881,0
615,300087152,0,301922763,0
616,300087152,0,302301560,0
617,300087152,0,302407603,0
618,300087152,0,302531422,0
619,300089051,0,301133876,0
620,300091311,0,300162386,0
621,300091311,0,300186616,0
622,300091311,0,300804695,0
623,300092551,0,300162990,0
624,300093810,0,301348258,0
625,300094448,0,300118066,0
626,300099290,0,300040325,0
627,300099874,0,300041051,0
628,300101609,0,302099019,0
629,300101800,0,302098325,0
630,300102201,0,300430191,0
631,300102201,0,300895442,0
632,300103696,0,300428404,0
633,300103696,0,300896555,0
634,300104051,0,300884778,0
635,300105023,0,300885415,0
636,300105746,0,300013887,0
637,300105746,0,302335828,0
638,300106456,0,300016756,0
639,300106456,0,301496021,0
640,300106456,0,302336449,0
641,300110853,0,300138912,0
642,300110853,0,301296474,0
643,300110853,0,301430111,0
644,300111129,0,300139126,0
645,300111129,0,301296270,0
646,300111129,0,301430111,0
647,300119875,0,300804695,0
648,300121865,0,300125711,0
649,300122626,0,300127296,0
650,300125711,0,300121865,0
651,300127296,0,300122626,0
652,300130778,0,300198147,0
653,300131426,0,300197576,0
654,300133417,0,301716227,0
655,300133417,0,302395115,0
656,300133851,0,301716491,0
657,300133851,0,302395115,0
658,300133851,0,302399399,0
659,300134701,0,300138169,0
660,300134701,0,301878466,0
661,300135718,0,300138622,0
662,300135718,0,301880531,0
663,300138169,0,300134701,0
664,300138622,0,300135718,0
665,300138912,0,300110853,0
666,300138912,0,301296474,0
667,300139126,0,300111129,0
668,300139126,0,301296270,0
669,300147734,0,300061262,0
670,300149861,0,301569965,0
671,300150202,0,300494907,0
672,300150202,0,302283703,0
673,300151105,0,300500569,0
674,300153898,0,301743217,0
675,300154965,0,301743909,0
676,300156101,0,300082241,0
677,300156101,0,300712419,0
678,300156839,0,300084956,0
679,300156839,0,300251809,0
680,300156839,0,300788821,0
681,300157925,0,301463965,0
682,300163592,0,300543603,0
683,300164863,0,300165943,0
684,300164863,0,300311663,0
685,300164863,0,300754873,0
686,300166146,0,300217728,0
687,300166146,0,301358363,0
688,300166146,0,301807219,0
689,300166146,0,302097268,0
690,300169164,0,300220956,0
691,300169164,0,301359035,0
692,300169164,0,302098136,0
693,300173764,0,301452593,0
694,300173764,0,301746605,0
695,300174379,0,301748318,0
696,300174379,0,301918984,0
697,300176150,0,300177186,0
698,300177186,0,300176150,0
699,300177186,0,300995119,0
700,300177963,0,300995468,0
701,300178575,0,301395617,0
702,300178575,0,301406640,0
703,300178575,0,301632537,0
704,300179486,0,301407465,0
705,300179486,0,301633591,0
706,300181476,0,301499686,0
707,300186616,0,300091311,0
708,300186616,0,300190115,0
709,300186616,0,300570590,0
710,300187736,0,300191603,0
711,300187736,0,300571643,0
712,300190115,0,300186616,0
713,300190115,0,300192756,0
714,300190115,0,300570590,0
715,300190115,0,302102484,0
716,300191603,0,300187736,0
717,300191603,0,300192880,0
718,300191603,0,300571643,0
719,300191603,0,302102796,0
720,300192756,0,300190115,0
721,300192880,0,300191603,0
722,300196934,0,300866471,0
723,300197576,0,300131426,0
724,300197576,0,301033371,0
725,300198147,0,300130778,0
726,300198147,0,301010862,0
727,300198147,0,301033081,0
728,300201354,0,301876957,0
729,300201354,0,301884539,0
730,300203237,0,301033081,0
731,300203237,0,301876006,0
732,300204077,0,300251809,0
733,300204491,0,300249721,0
734,300217728,0,300166146,0
735,300217728,0,301139352,0
736,300217728,0,301807219,0
737,300220956,0,300169164,0
738,300220956,0,301140514,0
739,300220956,0,301808822,0
740,300223802,0,301372049,0
741,300224166,0,300227003,0
742,300226618,0,301159655,0
743,300226618,0,301372049,0
744,300227003,0,300224166,0
745,300227003,0,301160031,0
746,300227003,0,301373728,0
747,300227507,0,300504592,0
748,300227507,0,301123148,0
749,300227507,0,302341266,0
750,300227507,0,302439949,0
751,300229630,0,301125429,0
752,300229630,0,302345272,0
753,300245952,0,300679147,0
754,300245952,0,301752167,0
755,300247013,0,300681094,0
756,300247013,0,301749320,0
757,300247439,0,301507402,0
758,300249721,0,300065791,0
759,300249721,0,300081671,0
760,300249721,0,300204491,0
761,300249721,0,300262792,0
762,300251809,0,300066800,0
763,300251809,0,300077645,0
764,300251809,0,300156839,0
765,300251809,0,300204077,0
766,300251809,0,300264776,0
767,300252954,0,301064286,0
768,300254152,0,301061489,0
769,300257742,0,301006566,0
770,300259568,0,301592642,0
771,300262792,0,300065791,0
772,300262792,0,300081671,0
773,300262792,0,300249721,0
774,300262792,0,301989669,0
775,300264776,0,300077645,0
776,300264776,0,300251809,0
777,300264776,0,301589217,0
778,300267871,0,302509292,0
779,300283703,0,301812846,0
780,300286214,0,301985247,0
781,300287640,0,302561888,0
782,300289082,0,300679147,0
783,300289082,0,301317954,0
784,300289082,0,301752167,0
785,300289082,0,302274253,0
786,300289365,0,300681094,0
787,300289365,0,301319182,0
788,300289365,0,301749320,0
789,300289365,0,302273326,0
790,300289983,0,300596769,0
791,300290923,0,300594413,0
792,300292937,0,300754107,0
793,300292937,0,300863946,0
794,300294175,0,300835609,0
795,300294175,0,300864693,0
796,300298041,0,302030935,0
797,300298767,0,301919931,0
798,300301187,0,300738593,0
799,300301777,0,300739273,0
800,300303727,0,301742296,0
801,300306314,0,300510050,0
802,300309021,0,300325281,0
803,300309021,0,300754107,0
804,300309021,0,301898129,0
805,300311663,0,300164863,0
806,300311663,0,300326436,0
807,300311663,0,300545015,0
808,300311663,0,300754873,0
809,300311663,0,301873406,0
810,300311663,0,301899360,0
811,300325281,0,300066800,0
812,300325281,0,300309021,0
813,300326436,0,300065791,0
814,300326436,0,300311663,0
815,300336168,0,300740336,0
816,300340239,0,301841544,0
817,300341405,0,301842001,0
818,300342250,0,300178575,0
819,300342250,0,300786291,0
820,300344125,0,300583990,0
821,300344125,0,300917613,0
822,300346991,0,300583239,0
823,300346991,0,301754421,0
824,300355258,0,302507968,0
825,300356926,0,302468635,0
826,300357983,0,302469928,0
827,300359459,0,301111016,0
828,300359862,0,301112573,0
829,300359862,0,301115081,0
830,300360650,0,301548193,0
831,300360650,0,301904845,0
832,300360650,0,302513269,0
833,300361509,0,301549291,0
834,300361509,0,301905377,0
835,300362467,0,301148283,0
836,300362467,0,301361414,0
837,300364479,0,301149494,0
838,300364479,0,301368192,0
839,300366691,0,300373209,0
840,300366691,0,300394562,0
841,300386392,0,300401650,0
842,300386392,0,300404202,0
843,300392812,0,300409440,0
844,300393105,0,300408660,0
845,300402419,0,300366691,0
846,300404202,0,300386392,0
847,300408031,0,300806512,0
848,300408660,0,300393105,0
849,300409440,0,300392812,0
850,300411886,0,300829745,0
851,300411886,0,301261867,0
852,300411886,0,301947266,0
853,300412567,0,300830717,0
854,300417413,0,300427331,0
855,300417413,0,302115324,0
856,300417413,0,302422685,0
857,300419289,0,302424254,0
858,300424008,0,300682932,0
859,300424370,0,300683185,0
860,300427331,0,301905653,0
861,300427786,0,301908039,0
862,300428404,0,300103696,0
863,300428404,0,300532892,0
864,300428404,0,300700451,0
865,300428404,0,300779374,0
866,300430191,0,300102201,0
867,300430191,0,300433115,0
868,300430191,0,300533851,0
869,300430191,0,300701479,0
870,300430191,0,300781168,0
871,300433115,0,300430191,0
872,300435492,0,301765643,0
873,300437539,0,301507134,0
874,300437852,0,301507402,0
875,300438166,0,302402559,0
876,300438567,0,300303727,0
877,300438567,0,302403030,0
878,300438707,0,301334398,0
879,300439588,0,301336587,0
880,300441781,0,300742879,0
881,300442057,0,300743435,0
882,300445548,0,300442361,0
883,300453726,0,300056002,0
884,300457598,0,300060397,0
885,300464513,0,301430111,0
886,300464513,0,301925372,0
887,300464962,0,301430847,0
888,300464962,0,301926376,0
889,300466808,0,301330986,0
890,300466808,0,302111684,0
891,300466808,0,302475855,0
892,300467913,0,300539793,0
893,300467913,0,302478749,0
894,300472336,0,301330986,0
895,300479330,0,300822115,0
896,300479933,0,300822449,0
897,300481222,0,300889831,0
898,300481855,0,300892379,0
899,300485711,0,300489108,0
900,300485711,0,301672607,0
901,300487653,0,300490035,0
902,300487653,0,301675190,0
903,300489108,0,300485711,0
904,300490035,0,300487653,0
905,300492677,0,302111684,0
906,300493460,0,302109678,0
907,300494907,0,300150202,0
908,300494907,0,302383831,0
909,300500569,0,300151105,0
910,300500569,0,302383380,0
911,300502180,0,300538565,0
912,300503982,0,300889831,0
913,300503982,0,301718158,0
914,300504592,0,300227507,0
915,300504592,0,301675190,0
916,300506299,0,301261867,0
917,300506299,0,301507134,0
918,300506299,0,302374914,0
919,300507053,0,301507402,0
920,300507053,0,302375828,0
921,300507464,0,300560586,0
922,300507464,0,301163083,0
923,300507464,0,301486489,0
924,300508192,0,300561036,0
925,300508192,0,301164072,0
926,300508192,0,301487201,0
927,300508192,0,302064745,0
928,300510050,0,300306314,0
929,300510050,0,300839619,0
930,300510050,0,301911053,0
931,300510050,0,302225510,0
932,300511214,0,300307474,0
933,300511214,0,300840902,0
934,300511214,0,301911415,0
935,300511214,0,302228335,0
936,300514278,0,301735736,0
937,300514884,0,300520214,0
938,300516539,0,300523978,0
939,300520214,0,300514884,0
940,300520214,0,300525453,0
941,300523978,0,300516539,0
942,300525453,0,300520214,0
943,300525453,0,301101391,0
944,300525453,0,302560548,0
945,300529266,0,300087152,0
946,300529266,0,300751525,0
947,300531342,0,300085264,0
948,300531342,0,300752392,0
949,300532892,0,300428404,0
950,300532892,0,300938801,0
951,300532892,0,301336926,0
952,300533851,0,300430191,0
953,300533851,0,300939105,0
954,300533851,0,301337121,0
955,300535452,0,301353014,0
956,300537339,0,301353226,0
957,300538565,0,300502180,0
958,300539793,0,300467913,0
959,300543603,0,300163592,0
960,300543603,0,302455297,0
961,300545015,0,300311663,0
962,300545015,0,302459109,0
963,300546646,0,302383380,0
964,300548781,0,302383831,0
965,300550282,0,300684480,0
966,300550777,0,300685483,0
967,300550777,0,300740336,0
968,300555325,0,301913200,0
969,300556709,0,301913715,0
970,300558373,0,301064286,0
971,300558373,0,302002227,0
972,300559425,0,301061489,0
973,300560586,0,300507464,0
974,300560586,0,301074650,0
975,300560586,0,302374914,0
976,300561036,0,300508192,0
977,300561036,0,301076793,0
978,300561036,0,302375828,0
979,300562116,0,300134701,0
980,300567593,0,301974740,0
981,300569090,0,302356820,0
982,300569090,0,302523275,0
983,300569568,0,302357115,0
984,300569568,0,302525206,0
985,300570590,0,300186616,0
986,300570590,0,300190115,0
987,300570590,0,302102484,0
988,300570590,0,302520219,0
989,300571643,0,300187736,0
990,300571643,0,300191603,0
991,300571643,0,302102796,0
992,300571643,0,302521353,0
993,300573225,0,302053818,0
994,300573225,0,302055062,0
995,300574422,0,301689880,0
996,300574422,0,302030080,0
997,300575230,0,302030935,0
998,300576680,0,302505716,0
999,300577920,0,302504131,0
1000,300579084,0,300773109,0
1001,300583239,0,300346991,0
1002,300583239,0,300958880,0
1003,300583239,0,302290998,0
1004,300583239,0,302505716,0
1005,300583990,0,300344125,0
1006,300583990,0,300959731,0
1007,300583990,0,302291843,0
1008,300583990,0,302504131,0
1009,300583990,0,302519555,0
1010,300584820,0,301817500,0
1011,300586183,0,301160031,0
1012,300586183,0,301818234,0
1013,300588797,0,301148283,0
1014,300588797,0,301805157,0
1015,300589624,0,301149494,0
1016,300589624,0,301805889,0
1017,300590390,0,301916229,0
1018,300590923,0,301918184,0
1019,300593374,0,300596769,0
1020,300593374,0,301067193,0
1021,300594413,0,300290923,0
1022,300596769,0,300289983,0
1023,300596769,0,300593374,0
1024,300598679,0,302000118,0
1025,300599821,0,302000680,0
1026,300604617,0,300019131,0
1027,300604617,0,300931555,0
1028,300605516,0,301041916,0
1029,300605516,0,301688271,0
1030,300606602,0,301686439,0
1031,300612114,0,301718867,0
1032,300612652,0,301718867,0
1033,300614990,0,301769843,0
1034,300615457,0,300645493,0
1035,300619972,0,301195536,0
1036,300620585,0,301198019,0
1037,300620585,0,301613463,0
1038,300620731,0,301549291,0
1039,300624026,0,301382086,0
1040,300625393,0,300626800,0
1041,300625774,0,300627410,0
1042,300626800,0,300625393,0
1043,300627410,0,300625774,0
1044,300627849,0,300629997,0
1045,300629146,0,300630802,0
1046,300629997,0,300627849,0
1047,300630802,0,300629146,0
1048,300631391,0,300021766,0
1049,300631391,0,301878466,0
1050,300631391,0,302460502,0
1051,300632438,0,300023383,0
1052,300632438,0,302461723,0
1053,300635456,0,301613463,0
1054,300638981,0,301372049,0
1055,300638981,0,302099019,0
1056,300638981,0,302384383,0
1057,300638981,0,302418872,0
1058,300639356,0,302098325,0
1059,300639356,0,302384843,0
1060,300639356,0,302420530,0
1061,300639842,0,301993940,0
1062,300640283,0,301994602,0
1063,300643250,0,301686439,0
1064,300643250,0,301865197,0
1065,300644372,0,301688271,0
1066,300644372,0,301866535,0
1067,300644839,0,301799457,0
1068,300644839,0,302417895,0
1069,300645493,0,300615457,0
1070,300645493,0,300647070,0
1071,300645493,0,301799957,0
1072,300645493,0,302418538,0
1073,300646413,0,302271544,0
1074,300646413,0,302462619,0
1075,300647070,0,300645493,0
1076,300647070,0,302463154,0
1077,300647542,0,300996448,0
1078,300647542,0,302079029,0
1079,300649586,0,300771373,0
1080,300649586,0,302083615,0
1081,300650351,0,302084538,0
1082,300650577,0,300655779,0
1083,300655779,0,300650577,0
1084,300655779,0,300684480,0
1085,300655779,0,300900616,0
1086,300664449,0,300878829,0
1087,300666058,0,301535709,0
1088,300666058,0,301640850,0
1089,300668571,0,301638438,0
1090,300668571,0,301727926,0
1091,300679147,0,300245952,0
1092,300679147,0,300289082,0
1093,300679147,0,300734318,0
1094,300679147,0,301274261,0
1095,300679147,0,301317954,0
1096,300681094,0,300247013,0
1097,300681094,0,300289365,0
1098,300681094,0,301275395,0
1099,300681094,0,301319182,0
1100,300682932,0,300424008,0
1101,300682932,0,300688947,0
1102,300682932,0,301878466,0
1103,300683185,0,300424370,0
1104,300683185,0,300689471,0
1105,300683185,0,301880531,0
1106,300684480,0,300550282,0
1107,300684480,0,300655779,0
1108,300685483,0,300550777,0
1109,300685483,0,301992149,0
1110,300685638,0,301989669,0
1111,300686081,0,301992149,0
1112,300688947,0,301878466,0
1113,300689471,0,300683185,0
1114,300689471,0,301880531,0
1115,300690058,0,300994882,0
1116,300693743,0,301932973,0
1117,300694608,0,302333453,0
1118,300695024,0,302331262,0
1119,300695523,0,301475282,0
1120,300695523,0,301613463,0
1121,300695523,0,302330336,0
1122,300695523,0,302451951,0
1123,300695523,0,302566015,0
1124,300696518,0,301474513,0
1125,300696518,0,301612053,0
1126,300696518,0,302451113,0
1127,300696518,0,302564986,0
1128,300697188,0,300700451,0
1129,300697389,0,300701479,0
1130,300700451,0,300428404,0
1131,300700451,0,300697188,0
1132,300700451,0,300779374,0
1133,300700451,0,300940437,0
1134,300701479,0,300430191,0
1135,300701479,0,300697389,0
1136,300701479,0,300781168,0
1137,300703109,0,300909363,0
1138,300703109,0,301149494,0
1139,300704609,0,300908929,0
1140,300704609,0,301148283,0
1141,300704609,0,301366718,0
1142,300705891,0,300708017,0
1143,300705891,0,302040049,0
1144,300705891,0,302324397,0
1145,300707366,0,302037708,0
1146,300707366,0,302321009,0
1147,300707366,0,302447344,0
1148,300710260,0,300744916,0
1149,300711528,0,300749230,0
1150,300712419,0,300156101,0
1151,300715140,0,300846052,0
1152,300720296,0,301988166,0
1153,300720913,0,301987341,0
1154,300721505,0,301918184,0
1155,300722110,0,300940437,0
1156,300723163,0,300941485,0
1157,300724081,0,302464693,0
1158,300724861,0,302466111,0
1159,300725772,0,301064286,0
1160,300727564,0,301061489,0
1161,300727564,0,302109678,0
1162,300732960,0,301459422,0
1163,300732960,0,302526925,0
1164,300733905,0,301460421,0
1165,300733905,0,302527734,0
1166,300734318,0,300679147,0
1167,300738593,0,300301187,0
1168,300739273,0,300301777,0
1169,300739273,0,300740336,0
1170,300740336,0,300336168,0
1171,300740336,0,300550777,0
1172,300740336,0,300739273,0
1173,300742879,0,300441781,0
1174,300742879,0,302028612,0
1175,300743435,0,300442057,0
1176,300743435,0,302029167,0
1177,300744916,0,300710260,0
1178,300744916,0,300836277,0
1179,300744916,0,301155354,0
1180,300749230,0,300711528,0
1181,300749230,0,300838296,0
1182,300749230,0,302174896,0
1183,300751525,0,300529266,0
1184,300751525,0,300849357,0
1185,300752392,0,300531342,0
1186,300752392,0,300851103,0
1187,300753093,0,300753504,0
1188,300753093,0,300758459,0
1189,300753378,0,300753659,0
1190,300753504,0,300753093,0
1191,300753659,0,300753378,0
1192,300754107,0,300292937,0
1193,300754107,0,300309021,0
1194,300754873,0,300164863,0
1195,300754873,0,300311663,0
1196,300758459,0,301813400,0
1197,300760916,0,302310895,0
1198,300762355,0,302311544,0
1199,300763901,0,301222360,0
1200,300771373,0,300649586,0
1201,300771373,0,300774323,0
1202,300772360,0,300773759,0
1203,300773579,0,300774323,0
1204,300773759,0,300775900,0
1205,300773759,0,301101391,0
1206,300774323,0,300771373,0
1207,300774323,0,300773579,0
1208,300775900,0,300773759,0
1209,300779374,0,300428404,0
1210,300779374,0,300700451,0
1211,300779374,0,301837744,0
1212,300781168,0,300430191,0
1213,300781168,0,300701479,0
1214,300783129,0,301198737,0
1215,300783675,0,301199751,0
1216,300787136,0,301539642,0
1217,300788821,0,300156839,0
1218,300788821,0,301612053,0
1219,300788821,0,301892953,0
1220,300788821,0,302329355,0
1221,300791227,0,302338615,0
1222,300792991,0,302329355,0
1223,300792991,0,302340213,0
1224,300800826,0,301809655,0
1225,300804695,0,300091311,0
1226,300804695,0,300118567,0
1227,300804695,0,300873603,0
1228,300804695,0,302278939,0
1229,300804695,0,302434605,0
1230,300806512,0,300119409,0
1231,300806512,0,300408031,0
1232,300806512,0,302281325,0
1233,300808191,0,300873603,0
1234,300810916,0,300885695,0
1235,300812952,0,301010862,0
1236,300822115,0,300479330,0
1237,300822115,0,302407603,0
1238,300822449,0,300479933,0
1239,300822449,0,301923391,0
1240,300822449,0,302405326,0
1241,300827923,0,300988232,0
1242,300828175,0,300986027,0
1243,300828779,0,301182024,0
1244,300828779,0,301716227,0
1245,300828779,0,302446651,0
1246,300829496,0,301182747,0
1247,300829496,0,301716491,0
1248,300829496,0,302445636,0
1249,300829745,0,300411886,0
1250,300829745,0,300832075,0
1251,300829745,0,300884007,0
1252,300829745,0,301306273,0
1253,300829745,0,301332386,0
1254,300829745,0,301421077,0
1255,300829745,0,301421602,0
1256,300830717,0,300412567,0
1257,300830717,0,300832200,0
1258,300830717,0,300884286,0
1259,300830717,0,301308425,0
1260,300830717,0,301421679,0
1261,300832075,0,300829745,0
1262,300834198,0,300838856,0
1263,300834198,0,300839619,0
1264,300834198,0,301824244,0
1265,300834198,0,301825671,0
1266,300834198,0,302495922,0
1267,300835609,0,300294175,0
1268,300835609,0,300839411,0
1269,300835609,0,300840902,0
1270,300835609,0,301827535,0
1271,300835609,0,302497141,0
1272,300836277,0,300744916,0
1273,300838296,0,300749230,0
1274,300838856,0,300834198,0
1275,300839411,0,300835609,0
1276,300839619,0,300510050,0
1277,300839619,0,300834198,0
1278,300840902,0,300511214,0
1279,300840902,0,300835609,0
1280,300843146,0,301022064,0
1281,300845528,0,301023289,0
1282,300848074,0,301580050,0
1283,300849357,0,300751525,0
1284,300849357,0,301139352,0
1285,300849357,0,301947266,0
1286,300849357,0,302270342,0
1287,300849357,0,302392878,0
1288,300851103,0,300752392,0
1289,300851103,0,301949149,0
1290,300851103,0,302384843,0
1291,300851103,0,302393401,0
1292,300851744,0,301911053,0
1293,300852988,0,301911415,0
1294,300853776,0,301559903,0
1295,300853776,0,301560513,0
1296,300853776,0,301725712,0
1297,300853776,0,302530861,0
1298,300856860,0,301560320,0
1299,300856860,0,301561564,0
1300,300856860,0,301727439,0
1301,300856860,0,302531422,0
1302,300863946,0,300292937,0
1303,300864693,0,300294175,0
1304,300866047,0,302270342,0
1305,300866471,0,300196934,0
1306,300866471,0,301195536,0
1307,300866471,0,301228530,0
1308,300867213,0,301198019,0
1309,300867213,0,301229020,0
1310,300867213,0,301770903,0
1311,300871255,0,301291937,0
1312,300872195,0,300872510,0
1313,300872347,0,300872906,0
1314,300872510,0,300872195,0
1315,300872906,0,300872347,0
1316,300873603,0,300031974,0
1317,300873603,0,300804695,0
1318,300873603,0,300808191,0
1319,300873603,0,300884778,0
1320,300873603,0,302278939,0
1321,300875712,0,300033574,0
1322,300878829,0,300664449,0
1323,300884007,0,300829745,0
1324,300884007,0,301306273,0
1325,300884286,0,300830717,0
1326,300884286,0,301308425,0
1327,300884778,0,300065791,0
1328,300884778,0,300104051,0
1329,300884778,0,300873603,0
1330,300885415,0,300066800,0
1331,300885415,0,300105023,0
1332,300885695,0,301725712,0
1333,300885695,0,302278939,0
1334,300887062,0,301727439,0
1335,300887062,0,302281325,0
1336,300889831,0,300481222,0
1337,300889831,0,300503982,0
1338,300889831,0,302062670,0
1339,300892379,0,300481855,0
1340,300895442,0,300102201,0
1341,300896555,0,300103696,0
1342,300898289,0,301754421,0
1343,300898963,0,301858094,0
1344,300900478,0,301861205,0
1345,300900616,0,300655779,0
1346,300900616,0,300903668,0
1347,300900616,0,300933032,0
1348,300900616,0,301275562,0
1349,300900616,0,301348258,0
1350,300900616,0,301580050,0
1351,300900616,0,301852174,0
1352,300902652,0,300903449,0
1353,300902652,0,300932695,0
1354,300902652,0,301279978,0
1355,300902652,0,301349041,0
1356,300902652,0,301581115,0
1357,300902652,0,301853461,0
1358,300903449,0,301581115,0
1359,300903668,0,301580050,0
1360,300904163,0,302584981,0
1361,300904548,0,301589217,0
1362,300904548,0,302588099,0
1363,300905386,0,302034828,0
1364,300905728,0,302035337,0
1365,300905905,0,300995775,0
1366,300906455,0,300996448,0
1367,300908929,0,300704609,0
1368,300908929,0,301148283,0
1369,300909363,0,300703109,0
1370,300909363,0,301149494,0
1371,300909545,0,302236842,0
1372,300909545,0,302301560,0
1373,300911327,0,302238462,0
1374,300911327,0,302303077,0
1375,300914421,0,300021766,0
1376,300914421,0,301418789,0
1377,300914421,0,301749320,0
1378,300914421,0,301837744,0
1379,300915787,0,300023383,0
1380,300915787,0,301839417,0
1381,300919542,0,300085264,0
1382,300920881,0,300087152,0
1383,300921014,0,301343918,0
1384,300921014,0,301896478,0
1385,300921014,0,302131072,0
1386,300921014,0,302306288,0
1387,300922594,0,301344963,0
1388,300922594,0,301897787,0
1389,300922594,0,302307367,0
1390,300923321,0,301319874,0
1391,300923993,0,301320988,0
1392,300927017,0,300928525,0
1393,300927578,0,300041051,0
1394,300928525,0,300927017,0
1395,300929164,0,300927578,0
1396,300929567,0,302360351,0
1397,300930290,0,302359464,0
1398,300931555,0,300064479,0
1399,300931555,0,300604617,0
1400,300931555,0,301813400,0
1401,300931555,0,302495922,0
1402,300932367,0,300065488,0
1403,300932367,0,301814085,0
1404,300932695,0,301978395,0
1405,300933032,0,300900616,0
1406,300933032,0,301978894,0
1407,300933154,0,302500884,0
1408,300935500,0,301643620,0
1409,300935500,0,302225510,0
1410,300935500,0,302447344,0
1411,300936740,0,302228335,0
1412,300936740,0,302271544,0
1413,300938801,0,300532892,0
1414,300938801,0,302266145,0
1415,300939105,0,300533851,0
1416,300939105,0,302266600,0
1417,300940437,0,300700451,0
1418,300940437,0,300722110,0
1419,300940437,0,300896555,0
1420,300940437,0,301704761,0
1421,300941485,0,300723163,0
1422,300941485,0,301705655,0
1423,300948103,0,301692969,0
1424,300948670,0,301693799,0
1425,300950272,0,300329831,0
1426,300950706,0,301873406,0
1427,300952395,0,301692222,0
1428,300952867,0,301692786,0
1429,300956131,0,301369663,0
1430,300956131,0,301723308,0
1431,300956131,0,301943406,0
1432,300957176,0,301370590,0
1433,300957176,0,301722965,0
1434,300958151,0,300956131,0
1435,300958151,0,301369663,0
1436,300958151,0,301723308,0
1437,300958880,0,300583239,0
1438,300958880,0,302460502,0
1439,300958880,0,302464693,0
1440,300959731,0,300583990,0
1441,300959731,0,302466111,0
1442,300961392,0,301740207,0
1443,300962634,0,301740630,0
1444,300965606,0,301375174,0
1445,300966477,0,301034457,0
1446,300966477,0,301376894,0
1447,300973844,0,301638438,0
1448,300976508,0,301143279,0
1449,300976508,0,301270175,0
1450,300980527,0,301142804,0
1451,300980527,0,301271700,0
1452,300983862,0,301947266,0
1453,300983862,0,302422685,0
1454,300985387,0,301949149,0
1455,300985387,0,302424254,0
1456,300986027,0,300828175,0
1457,300986027,0,302043898,0
1458,300986027,0,302410393,0
1459,300988232,0,300827923,0
1460,300988232,0,302412164,0
1461,300994882,0,300690058,0
1462,300995119,0,300177186,0
1463,300995468,0,300177963,0
1464,300995775,0,300075135,0
1465,300995775,0,300905905,0
1466,300995775,0,301123148,0
1467,300996448,0,300075515,0
1468,300996448,0,300647542,0
1469,300996448,0,300906455,0
1470,300996448,0,301125429,0
1471,300996448,0,301244410,0
1472,300999817,0,301148283,0
1473,301000881,0,301149494,0
1474,301001689,0,301001945,0
1475,301001689,0,301080297,0
1476,301001689,0,301824244,0
1477,301001689,0,301865197,0
1478,301002377,0,301082535,0
1479,301002377,0,301824751,0
1480,301002377,0,301866535,0
1481,301005063,0,301713373,0
1482,301005063,0,301951684,0
1483,301005063,0,302236842,0
1484,301005675,0,301713925,0
1485,301005675,0,301952405,0
1486,301005675,0,302238462,0
1487,301006566,0,301557614,0
1488,301007354,0,301557903,0
1489,301010862,0,300198147,0
1490,301010862,0,300812952,0
1491,301010862,0,301686439,0
1492,301010862,0,301852174,0
1493,301017161,0,301170243,0
1494,301017161,0,302273326,0
1495,301017161,0,302540578,0
1496,301017738,0,301172889,0
1497,301017738,0,302274253,0
1498,301017738,0,302541302,0
1499,301020393,0,300134701,0
1500,301022064,0,300843146,0
1501,301023289,0,300845528,0
1502,301033081,0,300198147,0
1503,301033081,0,300203237,0
1504,301033371,0,300197576,0
1505,301037540,0,301568375,0
1506,301038102,0,301567862,0
1507,301041916,0,300605516,0
1508,301041916,0,301045216,0
1509,301044240,0,301045711,0
1510,301045216,0,301041916,0
1511,301045711,0,301044240,0
1512,301045711,0,302018486,0
1513,301047874,0,301468097,0
1514,301047874,0,301864123,0
1515,301047874,0,302331262,0
1516,301049462,0,301468682,0
1517,301049462,0,301864471,0
1518,301049462,0,302333453,0
1519,301059400,0,302095311,0
1520,301060785,0,302095786,0
1521,301061489,0,300254152,0
1522,301061489,0,300559425,0
1523,301061489,0,300727564,0
1524,301061489,0,301065694,0
1525,301061489,0,302000680,0
1526,301061489,0,302002814,0
1527,301064286,0,300252954,0
1528,301064286,0,300558373,0
1529,301064286,0,300725772,0
1530,301064286,0,302002227,0
1531,301065694,0,301061489,0
1532,301066070,0,301064286,0
1533,301067193,0,300593374,0
1534,301067694,0,301640850,0
1535,301068726,0,301638438,0
1536,301068726,0,301688271,0
1537,301073822,0,302395115,0
1538,301074650,0,300560586,0
1539,301074650,0,301141743,0
1540,301074650,0,301243825,0
1541,301074650,0,301246579,0
1542,301074650,0,302248349,0
1543,301074650,0,302257141,0
1544,301074650,0,302530861,0
1545,301076793,0,300561036,0
1546,301076793,0,301244195,0
1547,301076793,0,301244410,0
1548,301076793,0,302258600,0
1549,301076793,0,302531422,0
1550,301078302,0,301251128,0
1551,301078302,0,301506770,0
1552,301079683,0,301505991,0
1553,301080297,0,301001689,0
1554,301080297,0,301865197,0
1555,301082535,0,301002377,0
1556,301090308,0,302123812,0
1557,301090993,0,302124654,0
1558,301101391,0,300525453,0
1559,301101391,0,300773759,0
1560,301101391,0,301839417,0
1561,301101391,0,302278337,0
1562,301103021,0,301837744,0
1563,301103021,0,302277607,0
1564,301111016,0,300359459,0
1565,301111016,0,301114434,0
1566,301111016,0,302099019,0
1567,301112573,0,300359862,0
1568,301112573,0,301115081,0
1569,301112573,0,302098325,0
1570,301114434,0,301111016,0
1571,301115081,0,301112573,0
1572,301115349,0,301222360,0
1573,301115349,0,301932973,0
1574,301115349,0,302179279,0
1575,301115349,0,302460502,0
1576,301116380,0,301571363,0
1577,301116380,0,301934554,0
1578,301116380,0,302180797,0
1579,301116380,0,302461723,0
1580,301120925,0,301375174,0
1581,301122411,0,301227137,0
1582,301122411,0,301376894,0
1583,301123148,0,300227507,0
1584,301123148,0,300230335,0
1585,301123148,0,300995775,0
1586,301123148,0,301129977,0
1587,301123148,0,301612053,0
1588,301123148,0,301993140,0
1589,301125429,0,300229630,0
1590,301125429,0,300231252,0
1591,301125429,0,300996448,0
1592,301125429,0,301131043,0
1593,301125429,0,301613463,0
1594,301129977,0,301123148,0
1595,301129977,0,301548193,0
1596,301129977,0,302034828,0
1597,301129977,0,302036578,0
1598,301129977,0,302513269,0
1599,301129977,0,302584981,0
1600,301131043,0,301125429,0
1601,301131043,0,301549291,0
1602,301131043,0,301624633,0
1603,301131043,0,302035337,0
1604,301131043,0,302037272,0
1605,301131043,0,302513740,0
1606,301133876,0,301372049,0
1607,301133876,0,301800349,0
1608,301134769,0,301801600,0
1609,301139352,0,300217728,0
1610,301139352,0,300849357,0
1611,301140514,0,300063277,0
1612,301140514,0,300220956,0
1613,301141743,0,301074650,0
1614,301141743,0,301947266,0
1615,301142349,0,301949149,0
1616,301142804,0,300980527,0
1617,301143279,0,300976508,0
1618,301144359,0,301234167,0
1619,301144887,0,301233347,0
1620,301148283,0,300362467,0
1621,301148283,0,300588797,0
1622,301148283,0,300704609,0
1623,301148283,0,300908929,0
1624,301148283,0,300999817,0
1625,301148283,0,301361414,0
1626,301148283,0,301363613,0
1627,301148283,0,301366718,0
1628,301149494,0,300364479,0
1629,301149494,0,300589624,0
1630,301149494,0,300703109,0
1631,301149494,0,300909363,0
1632,301149494,0,301000881,0
1633,301149494,0,301361863,0
1634,301149494,0,301364008,0
1635,301149494,0,301368192,0
1636,301150475,0,301743217,0
1637,301150915,0,302260035,0
1638,301155354,0,300744916,0
1639,301155354,0,301507402,0
1640,301155354,0,302106761,0
1641,301155354,0,302448437,0
1642,301156112,0,300749230,0
1643,301156112,0,301372049,0
1644,301156112,0,301507134,0
1645,301156112,0,302448889,0
1646,301156112,0,302533313,0
1647,301159655,0,300226618,0
1648,301159655,0,301611839,0
1649,301159655,0,301713095,0
1650,301159655,0,302057829,0
1651,301159655,0,302450640,0
1652,301160031,0,300065488,0
1653,301160031,0,300227003,0
1654,301160031,0,300586183,0
1655,301160031,0,301611067,0
1656,301160031,0,301628302,0
1657,301160031,0,301711071,0
1658,301160031,0,302449430,0
1659,301160031,0,302559180,0
1660,301163083,0,300507464,0
1661,301164072,0,300508192,0
1662,301164763,0,302115324,0
1663,301164763,0,302557357,0
1664,301167817,0,302113827,0
1665,301167817,0,302449430,0
1666,301167817,0,302559180,0
1667,301170243,0,301017161,0
1668,301170243,0,302037708,0
1669,301170243,0,302540578,0
1670,301170243,0,302557357,0
1671,301172889,0,301017738,0
1672,301172889,0,302541302,0
1673,301172889,0,302559180,0
1674,301178974,0,301304374,0
1675,301178974,0,301557903,0
1676,301178974,0,302055062,0
1677,301180695,0,301557614,0
1678,301180695,0,302056880,0
1679,301180695,0,302577061,0
1680,301182024,0,300828779,0
1681,301182747,0,300829496,0
1682,301195536,0,300020787,0
1683,301195536,0,300619972,0
1684,301195536,0,300866471,0
1685,301195536,0,302495922,0
1686,301198019,0,300620585,0
1687,301198019,0,300867213,0
1688,301198737,0,300783129,0
1689,301198737,0,302064745,0
1690,301198737,0,302506555,0
1691,301199751,0,300783675,0
1692,301199751,0,301966488,0
1693,301199751,0,302062670,0
1694,301204557,0,302385102,0
1695,301204557,0,302439949,0
1696,301204557,0,302490170,0
1697,301206474,0,302340213,0
1698,301206474,0,302386612,0
1699,301206474,0,302491961,0
1700,301210854,0,302338615,0
1701,301212469,0,302340213,0
1702,301222360,0,300763901,0
1703,301222360,0,301115349,0
1704,301222360,0,301226240,0
1705,301222360,0,301309991,0
1706,301222360,0,302179279,0
1707,301222360,0,302318464,0
1708,301222360,0,302460502,0
1709,301222360,0,302464693,0
1710,301222884,0,301227137,0
1711,301222884,0,302180797,0
1712,301222884,0,302319129,0
1713,301222884,0,302461723,0
1714,301222884,0,302466111,0
1715,301225398,0,301222360,0
1716,301225898,0,301222884,0
1717,301226240,0,301222360,0
1718,301226240,0,301369663,0
1719,301226240,0,301548193,0
1720,301226240,0,301588172,0
1721,301226240,0,301982646,0
1722,301226240,0,302584981,0
1723,301227137,0,301122411,0
1724,301227137,0,301222884,0
1725,301227137,0,301370590,0
1726,301227137,0,301589217,0
1727,301227137,0,301983797,0
1728,301227137,0,302588099,0
1729,301228530,0,300866471,0
1730,301228530,0,301663571,0
1731,301229020,0,300867213,0
1732,301229020,0,301664581,0
1733,301229020,0,301823092,0
1734,301233347,0,301144887,0
1735,301233347,0,302310895,0
1736,301234167,0,301144359,0
1737,301234167,0,301718867,0
1738,301243825,0,301074650,0
1739,301244195,0,301076793,0
1740,301244410,0,300082241,0
1741,301244410,0,301076793,0
1742,301244410,0,301460421,0
1743,301244410,0,301628946,0
1744,301244410,0,301742296,0
1745,301244410,0,302510879,0
1746,301246579,0,301074650,0
1747,301246579,0,301459422,0
1748,301246579,0,301740892,0
1749,301247240,0,302529264,0
1750,301251128,0,301078302,0
1751,301251128,0,302529945,0
1752,301256332,0,301725712,0
1753,301257612,0,301727439,0
1754,301257612,0,302531422,0
1755,301261867,0,300506299,0
1756,301261867,0,301258617,0
1757,301261867,0,301507134,0
1758,301262611,0,301711071,0
1759,301264336,0,301807219,0
1760,301270175,0,300976508,0
1761,301274261,0,300679147,0
1762,301274261,0,301317954,0
1763,301275395,0,300681094,0
1764,301275395,0,301319182,0
1765,301275562,0,300900616,0
1766,301275562,0,302161432,0
1767,301275562,0,302500884,0
1768,301279978,0,300902652,0
1769,301279978,0,301497736,0
1770,301279978,0,302164402,0
1771,301282014,0,301560513,0
1772,301286539,0,301892953,0
1773,301289701,0,302575008,0
1774,301290333,0,302572823,0
1775,301291937,0,300871255,0
1776,301291937,0,301904156,0
1777,301292128,0,302564986,0
1778,301293158,0,300075515,0
1779,301293158,0,302566015,0
1780,301294300,0,301732270,0
1781,301295443,0,301727926,0
1782,301296270,0,300111129,0
1783,301296270,0,300139126,0
1784,301296474,0,300110853,0
1785,301296474,0,300138912,0
1786,301297315,0,300009978,0
1787,301299888,0,300009046,0
1788,301301624,0,301876006,0
1789,301303776,0,301131043,0
1790,301304374,0,301178974,0
1791,301304570,0,301323449,0
1792,301306273,0,300829745,0
1793,301306273,0,300884007,0
1794,301306273,0,302270342,0
1795,301308425,0,300830717,0
1796,301308425,0,300884286,0
1797,301308425,0,302271544,0
1798,301309991,0,302179279,0
1799,301309991,0,302271544,0
1800,301310685,0,302180797,0
1801,301316222,0,301987341,0
1802,301316222,0,302000118,0
1803,301317012,0,301988166,0
1804,301317012,0,302000680,0
1805,301317954,0,300289082,0
1806,301317954,0,300679147,0
1807,301317954,0,301274261,0
1808,301317954,0,302274253,0
1809,301319182,0,300289365,0
1810,301319182,0,300681094,0
1811,301319182,0,301275395,0
1812,301319182,0,302057829,0
1813,301319182,0,302273326,0
1814,301319874,0,300923321,0
1815,301319874,0,302036578,0
1816,301320988,0,300923993,0
1817,301320988,0,302037272,0
1818,301323449,0,301304570,0
1819,301326148,0,301330986,0
1820,301326148,0,302111684,0
1821,301326148,0,302475855,0
1822,301326917,0,302109678,0
1823,301326917,0,302478749,0
1824,301330986,0,300466808,0
1825,301330986,0,300472336,0
1826,301330986,0,301326148,0
1827,301332386,0,300829745,0
1828,301332386,0,301779986,0
1829,301332386,0,302083615,0
1830,301333718,0,302084538,0
1831,301334398,0,300438707,0
1832,301334398,0,301839829,0
1833,301336587,0,300439588,0
1834,301336587,0,301840366,0
1835,301336926,0,300532892,0
1836,301337121,0,300533851,0
1837,301337486,0,301558385,0
1838,301337486,0,301797148,0
1839,301337486,0,301842763,0
1840,301338730,0,301558912,0
1841,301338730,0,301797862,0
1842,301343918,0,300921014,0
1843,301343918,0,302306288,0
1844,301344963,0,300922594,0
1845,301344963,0,302307367,0
1846,301348258,0,300093810,0
1847,301348258,0,300900616,0
1848,301349041,0,300902652,0
1849,301351021,0,302258600,0
1850,301351391,0,302257141,0
1851,301353014,0,300535452,0
1852,301353226,0,300537339,0
1853,301356683,0,302306288,0
1854,301358363,0,300166146,0
1855,301359035,0,300169164,0
1856,301359543,0,302236842,0
1857,301359861,0,302238462,0
1858,301360413,0,302243806,0
1859,301360692,0,302244472,0
1860,301361414,0,300362467,0
1861,301363613,0,301148283,0
1862,301363613,0,301366718,0
1863,301364008,0,301149494,0
1864,301364008,0,301368192,0
1865,301366718,0,300704609,0
1866,301366718,0,301148283,0
1867,301366718,0,301363613,0
1868,301368192,0,300364479,0
1869,301368192,0,301149494,0
1870,301368192,0,301364008,0
1871,301369663,0,300956131,0
1872,301369663,0,301226240,0
1873,301369663,0,302034828,0
1874,301369663,0,302036578,0
1875,301370590,0,300957176,0
1876,301370590,0,301227137,0
1877,301370590,0,302035337,0
1878,301370590,0,302037272,0
1879,301372049,0,300226618,0
1880,301372049,0,300638981,0
1881,301372049,0,301133876,0
1882,301372049,0,301507134,0
1883,301373728,0,300227003,0
1884,301373728,0,301507402,0
1885,301375174,0,300027247,0
1886,301375174,0,300965606,0
1887,301375174,0,301120925,0
1888,301376894,0,300028672,0
1889,301376894,0,300966477,0
1890,301376894,0,301122411,0
1891,301395617,0,301400562,0
1892,301395617,0,302318464,0
1893,301396047,0,301401854,0
1894,301396047,0,302319129,0
1895,301397385,0,301772032,0
1896,301397385,0,302088086,0
1897,301398199,0,301447302,0
1898,301398199,0,301772609,0
1899,301398199,0,302087956,0
1900,301400562,0,301395617,0
1901,301400562,0,301406640,0
1902,301401854,0,301396047,0
1903,301401854,0,301407465,0
1904,301401854,0,301960656,0
1905,301406640,0,300178575,0
1906,301406640,0,301400562,0
1907,301406640,0,302498708,0
1908,301407465,0,300179486,0
1909,301407465,0,301401854,0
1910,301407465,0,302499750,0
1911,301409581,0,302062670,0
1912,301410363,0,302064745,0
1913,301411065,0,300889831,0
1914,301411291,0,300892379,0
1915,301411451,0,301821266,0
1916,301415021,0,302561888,0
1917,301416508,0,301971237,0
1918,301417228,0,301971237,0
1919,301418789,0,300914421,0
1920,301418789,0,302018486,0
1921,301419149,0,302016535,0
1922,301421679,0,300830717,0
1923,301430111,0,300110853,0
1924,301430111,0,300111129,0
1925,301430111,0,300464513,0
1926,301430111,0,301925372,0
1927,301430111,0,301943406,0
1928,301430847,0,300464962,0
1929,301430847,0,301926376,0
1930,301430847,0,301944660,0
1931,301446749,0,302403671,0
1932,301447302,0,301398199,0
1933,301447302,0,302403206,0
1934,301449564,0,301450969,0
1935,301450713,0,301451498,0
1936,301450969,0,300669478,0
1937,301450969,0,301449564,0
1938,301450969,0,301957454,0
1939,301451498,0,300670741,0
1940,301451498,0,301450713,0
1941,301451498,0,301956964,0
1942,301452593,0,300173764,0
1943,301452593,0,301919931,0
1944,301454636,0,301918984,0
1945,301459422,0,300732960,0
1946,301459422,0,301246579,0
1947,301459422,0,301463965,0
1948,301460421,0,300733905,0
1949,301460421,0,301244410,0
1950,301460421,0,301624633,0
1951,301461822,0,302526925,0
1952,301463137,0,302527734,0
1953,301463965,0,300157925,0
1954,301463965,0,301459422,0
1955,301463965,0,301725712,0
1956,301463965,0,302533313,0
1957,301466593,0,302533540,0
1958,301467298,0,301474324,0
1959,301467700,0,301473996,0
1960,301468097,0,301047874,0
1961,301468682,0,301049462,0
1962,301473996,0,301467700,0
1963,301474324,0,301467298,0
1964,301474513,0,300696518,0
1965,301474513,0,301612053,0
1966,301474513,0,302451113,0
1967,301475282,0,300695523,0
1968,301475282,0,301613463,0
1969,301475282,0,302451951,0
1970,301475831,0,301483324,0
1971,301476685,0,301483324,0
1972,301477806,0,301484083,0
1973,301481612,0,301482956,0
1974,301482228,0,301483143,0
1975,301482956,0,301481612,0
1976,301482956,0,301486489,0
1977,301483143,0,301482228,0
1978,301483324,0,301475831,0
1979,301483324,0,301476685,0
1980,301483324,0,301486084,0
1981,301484083,0,301477806,0
1982,301484083,0,301486197,0
1983,301486084,0,301483324,0
1984,301486197,0,301484083,0
1985,301486489,0,300507464,0
1986,301486489,0,301482956,0
1987,301487201,0,300508192,0
1988,301488245,0,301643620,0
1989,301489722,0,301495535,0
1990,301489722,0,301646941,0
1991,301495381,0,301488245,0
1992,301495535,0,301489722,0
1993,301496976,0,301909890,0
1994,301496976,0,302161432,0
1995,301497736,0,301279978,0
1996,301497736,0,301910488,0
1997,301497736,0,302164402,0
1998,301505991,0,301079683,0
1999,301506770,0,301078302,0
2000,301507134,0,300437539,0
2001,301507134,0,300506299,0
2002,301507134,0,301261867,0
2003,301507134,0,301372049,0
2004,301507402,0,300247439,0
2005,301507402,0,300437852,0
2006,301507402,0,300507053,0
2007,301507402,0,301155354,0
2008,301507402,0,301373728,0
2009,301507402,0,301785180,0
2010,301508719,0,301531375,0
2011,301508719,0,302401590,0
2012,301509527,0,301533120,0
2013,301509527,0,301872745,0
2014,301509527,0,302402268,0
2015,301522376,0,301561771,0
2016,301525116,0,301564073,0
2017,301531375,0,301508719,0
2018,301531375,0,302401590,0
2019,301533120,0,301509527,0
2020,301533120,0,301944660,0
2021,301533120,0,302402268,0
2022,301535709,0,300666058,0
2023,301535709,0,300816481,0
2024,301535709,0,301640850,0
2025,301536911,0,301638438,0
2026,301536911,0,301727926,0
2027,301537885,0,300682932,0
2028,301538858,0,300683185,0
2029,301539225,0,301892953,0
2030,301539642,0,300787136,0
2031,301539642,0,301889256,0
2032,301539642,0,301994602,0
2033,301540365,0,301913200,0
2034,301540365,0,302506555,0
2035,301541013,0,301913715,0
2036,301548193,0,300360650,0
2037,301548193,0,301129977,0
2038,301548193,0,301226240,0
2039,301548193,0,302036578,0
2040,301548193,0,302513269,0
2041,301549291,0,300361509,0
2042,301549291,0,301131043,0
2043,301549291,0,302037272,0
2044,301549291,0,302513740,0
2045,301551130,0,302085449,0
2046,301551461,0,302085898,0
2047,301551633,0,301556355,0
2048,301551633,0,302267308,0
2049,301552885,0,301556616,0
2050,301552885,0,302267308,0
2051,301553629,0,301555133,0
2052,301554510,0,301555416,0
2053,301555133,0,301553629,0
2054,301555416,0,301554510,0
2055,301556355,0,301551633,0
2056,301556355,0,301555133,0
2057,301556616,0,301552885,0
2058,301556616,0,301555416,0
2059,301557614,0,301006566,0
2060,301557614,0,301180695,0
2061,301557903,0,301007354,0
2062,301557903,0,301178974,0
2063,301558385,0,301337486,0
2064,301558912,0,301338730,0
2065,301559903,0,300070939,0
2066,301559903,0,300853776,0
2067,301560320,0,300071992,0
2068,301560320,0,300856860,0
2069,301560513,0,300853776,0
2070,301560513,0,301282014,0
2071,301560513,0,302306288,0
2072,301561564,0,300856860,0
2073,301561564,0,302307367,0
2074,301561771,0,301522376,0
2075,301564073,0,301525116,0
2076,301567862,0,301038102,0
2077,301568375,0,301037540,0
2078,301569965,0,301570892,0
2079,301569965,0,301574036,0
2080,301570470,0,300070939,0
2081,301570470,0,301574446,0
2082,301570470,0,301599532,0
2083,301570892,0,301569965,0
2084,301571363,0,301116380,0
2085,301571363,0,301934554,0
2086,301574446,0,301934554,0
2087,301580050,0,300848074,0
2088,301580050,0,300900616,0
2089,301580050,0,300903668,0
2090,301581115,0,300902652,0
2091,301586342,0,301800349,0
2092,301587077,0,301801600,0
2093,301588172,0,301226240,0
2094,301589217,0,300264776,0
2095,301589217,0,300904548,0
2096,301589217,0,301227137,0
2097,301592642,0,300259568,0
2098,301593649,0,302073443,0
2099,301593649,0,302295998,0
2100,301595596,0,302074092,0
2101,301599532,0,301570470,0
2102,301599532,0,302108827,0
2103,301611067,0,301160031,0
2104,301611067,0,302449430,0
2105,301611067,0,302559180,0
2106,301611839,0,301159655,0
2107,301612053,0,300696518,0
2108,301612053,0,300788821,0
2109,301612053,0,301123148,0
2110,301612053,0,301474513,0
2111,301612053,0,302328659,0
2112,301612053,0,302451113,0
2113,301613463,0,300635456,0
2114,301613463,0,300695523,0
2115,301613463,0,301125429,0
2116,301613463,0,301475282,0
2117,301613463,0,302326695,0
2118,301613463,0,302451951,0
2119,301616474,0,301996377,0
2120,301618053,0,301704761,0
2121,301620509,0,301653538,0
2122,301624633,0,301131043,0
2123,301624633,0,301460421,0
2124,301624633,0,301716491,0
2125,301624633,0,301801600,0
2126,301628302,0,301160031,0
2127,301628302,0,301994602,0
2128,301628946,0,300082241,0
2129,301628946,0,301244410,0
2130,301630117,0,301887076,0
2131,301632537,0,300178575,0
2132,301633591,0,300179486,0
2133,301638438,0,300668571,0
2134,301638438,0,301068726,0
2135,301638438,0,301536911,0
2136,301638438,0,301727926,0
2137,301638438,0,302580449,0
2138,301640850,0,300666058,0
2139,301640850,0,301067694,0
2140,301640850,0,301535709,0
2141,301640850,0,301646941,0
2142,301643620,0,301488245,0
2143,301643620,0,302099774,0
2144,301646941,0,301489722,0
2145,301646941,0,302100709,0
2146,301652380,0,301652902,0
2147,301652782,0,301653538,0
2148,301652902,0,301652380,0
2149,301652902,0,302086991,0
2150,301653538,0,301620509,0
2151,301653538,0,301652782,0
2152,301653538,0,302086667,0
2153,301660994,0,300064479,0
2154,301661914,0,300065488,0
2155,301663571,0,301228530,0
2156,301663571,0,301817500,0
2157,301664581,0,301229020,0
2158,301664581,0,301818234,0
2159,301668340,0,302382934,0
2160,301668858,0,302383151,0
2161,301670221,0,301671732,0
2162,301671095,0,301671881,0
2163,301671732,0,301670221,0
2164,301671881,0,301671095,0
2165,301672607,0,300485711,0
2166,301672607,0,300489108,0
2167,301675190,0,300487653,0
2168,301675190,0,300490035,0
2169,301675190,0,300504592,0
2170,301675190,0,301282014,0
2171,301675190,0,302341266,0
2172,301682229,0,301684426,0
2173,301683667,0,301685377,0
2174,301684426,0,301682229,0
2175,301685377,0,301683667,0
2176,301686439,0,300606602,0
2177,301686439,0,300643250,0
2178,301686439,0,301010862,0
2179,301686439,0,301852174,0
2180,301688271,0,300605516,0
2181,301688271,0,300644372,0
2182,301688271,0,301068726,0
2183,301688271,0,301853461,0
2184,301689880,0,300574422,0
2185,301689880,0,302294777,0
2186,301692222,0,300952395,0
2187,301692786,0,300952867,0
2188,301692969,0,300948103,0
2189,301693799,0,300948670,0
2190,301704761,0,300940437,0
2191,301704761,0,301861205,0
2192,301704761,0,302090341,0
2193,301705655,0,300941485,0
2194,301705655,0,302088404,0
2195,301705655,0,302517265,0
2196,301709815,0,300136354,0
2197,301711071,0,301160031,0
2198,301711071,0,301262611,0
2199,301713095,0,301159655,0
2200,301713373,0,301005063,0
2201,301713925,0,301005675,0
2202,301716227,0,300133417,0
2203,301716227,0,300828779,0
2204,301716227,0,302395115,0
2205,301716491,0,300133851,0
2206,301716491,0,300829496,0
2207,301716491,0,301624633,0
2208,301716491,0,301801600,0
2209,301716491,0,302399399,0
2210,301717117,0,301746605,0
2211,301717669,0,301748318,0
2212,301718158,0,300503982,0
2213,301718158,0,302371718,0
2214,301718867,0,300612114,0
2215,301718867,0,300612652,0
2216,301718867,0,301234167,0
2217,301722965,0,300957176,0
2218,301723308,0,300956131,0
2219,301725712,0,300853776,0
2220,301725712,0,300885695,0
2221,301725712,0,301256332,0
2222,301725712,0,301463965,0
2223,301727439,0,300856860,0
2224,301727439,0,300887062,0
2225,301727439,0,301257612,0
2226,301727926,0,300668571,0
2227,301727926,0,301295443,0
2228,301727926,0,301638438,0
2229,301732270,0,301294300,0
2230,301732270,0,301883898,0
2231,301734436,0,301737825,0
2232,301734884,0,301738335,0
2233,301735736,0,300514278,0
2234,301735736,0,302436341,0
2235,301737241,0,300085264,0
2236,301737825,0,301734436,0
2237,301738335,0,301734884,0
2238,301740207,0,300961392,0
2239,301740630,0,300962634,0
2240,301740892,0,300084956,0
2241,301740892,0,300302761,0
2242,301740892,0,301246579,0
2243,301740892,0,301922763,0
2244,301740892,0,302512922,0
2245,301742296,0,300303727,0
2246,301742296,0,301244410,0
2247,301742296,0,302510879,0
2248,301743217,0,300153898,0
2249,301743217,0,301150475,0
2250,301743909,0,300154965,0
2251,301743909,0,301957454,0
2252,301746605,0,300173764,0
2253,301746605,0,302515341,0
2254,301748318,0,300174379,0
2255,301748318,0,301717669,0
2256,301748318,0,302517265,0
2257,301749320,0,300247013,0
2258,301749320,0,300289365,0
2259,301749320,0,300914421,0
2260,301749320,0,302497938,0
2261,301752167,0,300245952,0
2262,301752167,0,300289082,0
2263,301753365,0,300737973,0
2264,301754421,0,300346991,0
2265,301754421,0,300898289,0
2266,301754421,0,302290998,0
2267,301755627,0,302291843,0
2268,301760944,0,302435026,0
2269,301761186,0,302435671,0
2270,301763813,0,301887076,0
2271,301765643,0,300435492,0
2272,301767329,0,301858094,0
2273,301769843,0,300614990,0
2274,301770903,0,300867213,0
2275,301772032,0,301397385,0
2276,301772032,0,301773234,0
2277,301772609,0,301398199,0
2278,301772609,0,301773665,0
2279,301773234,0,301772032,0
2280,301773665,0,301772609,0
2281,301781478,0,301783158,0
2282,301781478,0,302055062,0
2283,301781478,0,302513269,0
2284,301781478,0,302578235,0
2285,301782519,0,301784017,0
2286,301782519,0,302056880,0
2287,301782519,0,302513740,0
2288,301783158,0,301781478,0
2289,301784017,0,301782519,0
2290,301785180,0,301507402,0
2291,301791911,0,300060397,0
2292,301791911,0,301851523,0
2293,301791911,0,302018486,0
2294,301791911,0,302174896,0
2295,301794340,0,300056002,0
2296,301794340,0,302016535,0
2297,301797148,0,301337486,0
2298,301797148,0,301842763,0
2299,301797862,0,301338730,0
2300,301798828,0,300073048,0
2301,301799035,0,300074346,0
2302,301799457,0,300644839,0
2303,301799957,0,300645493,0
2304,301800349,0,301133876,0
2305,301800349,0,301586342,0
2306,301800349,0,301807219,0
2307,301801600,0,301134769,0
2308,301801600,0,301587077,0
2309,301801600,0,301624633,0
2310,301801600,0,301716491,0
2311,301801600,0,301808822,0
2312,301805157,0,300588797,0
2313,301805889,0,300589624,0
2314,301807219,0,300166146,0
2315,301807219,0,300217728,0
2316,301807219,0,301264336,0
2317,301807219,0,301800349,0
2318,301808822,0,300220956,0
2319,301808822,0,301801600,0
2320,301809655,0,300800826,0
2321,301809655,0,302047807,0
2322,301811997,0,300278551,0
2323,301812846,0,300283703,0
2324,301812846,0,301949149,0
2325,301813400,0,300758459,0
2326,301814085,0,300932367,0
2327,301814085,0,302570282,0
2328,301817500,0,300075135,0
2329,301817500,0,300584820,0
2330,301817500,0,301663571,0
2331,301817500,0,302354537,0
2332,301818234,0,300586183,0
2333,301818234,0,301664581,0
2334,301818234,0,302356430,0
2335,301821266,0,301411451,0
2336,301821266,0,301834304,0
2337,301821266,0,301939984,0
2338,301821266,0,302417895,0
2339,301823092,0,301229020,0
2340,301823092,0,301836350,0
2341,301823092,0,301941999,0
2342,301823092,0,302357115,0
2343,301823092,0,302418538,0
2344,301824244,0,300834198,0
2345,301824244,0,301001689,0
2346,301824244,0,301825671,0
2347,301824751,0,301002377,0
2348,301824751,0,301827535,0
2349,301825671,0,300834198,0
2350,301825671,0,301824244,0
2351,301825671,0,302321009,0
2352,301827535,0,300835609,0
2353,301827535,0,301824751,0
2354,301827535,0,302324397,0
2355,301834304,0,300013160,0
2356,301834304,0,301821266,0
2357,301834304,0,301939984,0
2358,301834304,0,302123812,0
2359,301836350,0,301823092,0
2360,301836350,0,301941999,0
2361,301837744,0,300021766,0
2362,301837744,0,300779374,0
2363,301837744,0,300914421,0
2364,301837744,0,301103021,0
2365,301839417,0,300023383,0
2366,301839417,0,300915787,0
2367,301839417,0,301101391,0
2368,301839829,0,301334398,0
2369,301840366,0,301336587,0
2370,301841544,0,300340239,0
2371,301842001,0,300341405,0
2372,301842763,0,301337486,0
2373,301842763,0,301797148,0
2374,301843092,0,301797862,0
2375,301843380,0,301930512,0
2376,301845160,0,301932234,0
2377,301849288,0,302393401,0
2378,301851523,0,301791911,0
2379,301851523,0,302392878,0
2380,301852174,0,300900616,0
2381,301852174,0,301010862,0
2382,301852174,0,301686439,0
2383,301853461,0,300902652,0
2384,301853461,0,301688271,0
2385,301858094,0,300898963,0
2386,301858094,0,301767329,0
2387,301861205,0,300900478,0
2388,301861205,0,301704761,0
2389,301864123,0,301047874,0
2390,301864123,0,302021905,0
2391,301864471,0,301049462,0
2392,301864471,0,302022953,0
2393,301865197,0,300643250,0
2394,301865197,0,301001689,0
2395,301865197,0,301080297,0
2396,301865197,0,301870889,0
2397,301865197,0,302331262,0
2398,301866535,0,300644372,0
2399,301866535,0,301002377,0
2400,301866535,0,301871949,0
2401,301870889,0,300064479,0
2402,301870889,0,301865197,0
2403,301870889,0,302495922,0
2404,301871949,0,301866535,0
2405,301871949,0,302333453,0
2406,301871949,0,302497141,0
2407,301872745,0,301509527,0
2408,301872745,0,302083615,0
2409,301873406,0,300311663,0
2410,301873406,0,300950706,0
2411,301873406,0,302120458,0
2412,301876006,0,300203237,0
2413,301876006,0,301301624,0
2414,301876957,0,300201354,0
2415,301878466,0,300134701,0
2416,301878466,0,300631391,0
2417,301878466,0,300682932,0
2418,301878466,0,300688947,0
2419,301878466,0,302034828,0
2420,301880531,0,300135718,0
2421,301880531,0,300632438,0
2422,301880531,0,300683185,0
2423,301880531,0,300689471,0
2424,301880531,0,301021301,0
2425,301880531,0,302035337,0
2426,301883898,0,301732270,0
2427,301884539,0,300201354,0
2428,301884930,0,302093888,0
2429,301884930,0,302525206,0
2430,301886407,0,302094755,0
2431,301886407,0,302360448,0
2432,301886407,0,302523275,0
2433,301887076,0,301630117,0
2434,301887076,0,301763813,0
2435,301889256,0,301539642,0
2436,301892953,0,301539225,0
2437,301894758,0,301898129,0
2438,301894758,0,302421158,0
2439,301895837,0,301899360,0
2440,301895837,0,302422068,0
2441,301896478,0,300921014,0
2442,301897787,0,300922594,0
2443,301897787,0,302512922,0
2444,301898129,0,300309021,0
2445,301898129,0,301894758,0
2446,301898129,0,301996377,0
2447,301898129,0,302569130,0
2448,301899360,0,300311663,0
2449,301899360,0,301895837,0
2450,301899360,0,302570282,0
2451,301904156,0,301291937,0
2452,301904845,0,300360650,0
2453,301905377,0,300361509,0
2454,301905653,0,300427331,0
2455,301905653,0,301951684,0
2456,301908039,0,300427786,0
2457,301908039,0,301952405,0
2458,301909890,0,301496976,0
2459,301909890,0,301989669,0
2460,301910488,0,301497736,0
2461,301911053,0,300510050,0
2462,301911053,0,300851744,0
2463,301911415,0,300511214,0
2464,301911415,0,300852988,0
2465,301913200,0,300555325,0
2466,301913200,0,301540365,0
2467,301913715,0,300556709,0
2468,301913715,0,301541013,0
2469,301916229,0,300590390,0
2470,301918184,0,300590923,0
2471,301918184,0,300721505,0
2472,301918984,0,300174379,0
2473,301918984,0,301454636,0
2474,301919931,0,300298767,0
2475,301919931,0,301452593,0
2476,301922763,0,300087152,0
2477,301922763,0,301740892,0
2478,301922763,0,302389946,0
2479,301923391,0,300085264,0
2480,301923391,0,300822449,0
2481,301923391,0,302390335,0
2482,301925372,0,301430111,0
2483,301925372,0,301943406,0
2484,301925372,0,302073443,0
2485,301926376,0,300464962,0
2486,301926376,0,301430847,0
2487,301926376,0,301944660,0
2488,301930512,0,301843380,0
2489,301930512,0,302564986,0
2490,301932234,0,301845160,0
2491,301932973,0,300013160,0
2492,301932973,0,301115349,0
2493,301932973,0,301939984,0
2494,301932973,0,302179279,0
2495,301934554,0,301116380,0
2496,301934554,0,301571363,0
2497,301934554,0,301574446,0
2498,301934554,0,301941999,0
2499,301934554,0,302180797,0
2500,301939984,0,301821266,0
2501,301939984,0,301834304,0
2502,301939984,0,301932973,0
2503,301941999,0,301823092,0
2504,301941999,0,301836350,0
2505,301941999,0,301934554,0
2506,301943406,0,300956131,0
2507,301943406,0,301430111,0
2508,301943406,0,301925372,0
2509,301943406,0,302498708,0
2510,301944660,0,301430847,0
2511,301944660,0,301533120,0
2512,301944660,0,301926376,0
2513,301947266,0,300411886,0
2514,301947266,0,300849357,0
2515,301947266,0,300983862,0
2516,301947266,0,301141743,0
2517,301947266,0,301811997,0
2518,301949149,0,300851103,0
2519,301949149,0,300985387,0
2520,301949149,0,301142349,0
2521,301949149,0,301812846,0
2522,301951684,0,301005063,0
2523,301951684,0,301905653,0
2524,301951684,0,301953635,0
2525,301952405,0,301005675,0
2526,301952405,0,301908039,0
2527,301952405,0,301954781,0
2528,301953635,0,301951684,0
2529,301954781,0,301952405,0
2530,301956964,0,301451498,0
2531,301957454,0,301450969,0
2532,301957454,0,301743909,0
2533,301959294,0,302019021,0
2534,301959294,0,302371718,0
2535,301959294,0,302382934,0
2536,301960656,0,301401854,0
2537,301960656,0,302021050,0
2538,301960656,0,302238462,0
2539,301960656,0,302303077,0
2540,301960656,0,302373599,0
2541,301960656,0,302383151,0
2542,301971046,0,300730731,0
2543,301971237,0,301416508,0
2544,301971237,0,301417228,0
2545,301978395,0,300932695,0
2546,301978894,0,300933032,0
2547,301980250,0,300011757,0
2548,301982646,0,301226240,0
2549,301982646,0,301993140,0
2550,301983797,0,301227137,0
2551,301983797,0,301993843,0
2552,301987341,0,300204077,0
2553,301987341,0,300720913,0
2554,301987341,0,301316222,0
2555,301987341,0,302000118,0
2556,301988166,0,300720296,0
2557,301988166,0,301317012,0
2558,301988166,0,302000680,0
2559,301989669,0,300262792,0
2560,301989669,0,300684480,0
2561,301989669,0,301909890,0
2562,301992149,0,300685483,0
2563,301993140,0,301123148,0
2564,301993140,0,301982646,0
2565,301993140,0,302584981,0
2566,301993940,0,300639842,0
2567,301993940,0,301892953,0
2568,301993940,0,302011810,0
2569,301994602,0,300640283,0
2570,301994602,0,301539642,0
2571,301994602,0,301628302,0
2572,301994602,0,302012504,0
2573,301994602,0,302079029,0
2574,301996377,0,301616474,0
2575,301996377,0,301898129,0
2576,301996377,0,302464693,0
2577,301999306,0,302103481,0
2578,301999306,0,302105990,0
2579,301999766,0,302105375,0
2580,301999766,0,302106761,0
2581,302000118,0,300598679,0
2582,302000118,0,301316222,0
2583,302000118,0,301987341,0
2584,302000680,0,300599821,0
2585,302000680,0,301061489,0
2586,302000680,0,301317012,0
2587,302000680,0,301988166,0
2588,302002227,0,300415228,0
2589,302002227,0,300558373,0
2590,302002227,0,301064286,0
2591,302002814,0,301061489,0
2592,302005756,0,301977155,0
2593,302006031,0,301978003,0
2594,302011810,0,301993940,0
2595,302012504,0,301994602,0
2596,302015571,0,301807219,0
2597,302015571,0,301870889,0
2598,302016535,0,301045216,0
2599,302016535,0,301419149,0
2600,302016535,0,301794340,0
2601,302018486,0,301045711,0
2602,302018486,0,301418789,0
2603,302018486,0,301791911,0
2604,302019021,0,301959294,0
2605,302021050,0,301960656,0
2606,302021905,0,300013887,0
2607,302021905,0,301864123,0
2608,302022953,0,301864471,0
2609,302028612,0,300742879,0
2610,302028612,0,302031986,0
2611,302029167,0,300743435,0
2612,302029167,0,302032953,0
2613,302030080,0,300574422,0
2614,302030935,0,300298041,0
2615,302030935,0,300575230,0
2616,302031986,0,302028612,0
2617,302032953,0,302029167,0
2618,302034828,0,300905386,0
2619,302034828,0,301129977,0
2620,302034828,0,301369663,0
2621,302034828,0,301878466,0
2622,302035337,0,300905728,0
2623,302035337,0,301131043,0
2624,302035337,0,301370590,0
2625,302035337,0,301549291,0
2626,302035337,0,301880531,0
2627,302035337,0,302513740,0
2628,302036578,0,301129977,0
2629,302036578,0,301319874,0
2630,302036578,0,301369663,0
2631,302036578,0,301548193,0
2632,302036578,0,302513269,0
2633,302036578,0,302584981,0
2634,302037272,0,301131043,0
2635,302037272,0,301320988,0
2636,302037272,0,301370590,0
2637,302037272,0,301549291,0
2638,302037272,0,302513740,0
2639,302037272,0,302588099,0
2640,302037708,0,300707366,0
2641,302037708,0,301170243,0
2642,302037708,0,302321009,0
2643,302040049,0,300705891,0
2644,302040049,0,301172889,0
2645,302040049,0,302324397,0
2646,302040652,0,302043898,0
2647,302043217,0,302047807,0
2648,302043898,0,300986027,0
2649,302043898,0,302040652,0
2650,302043898,0,302049918,0
2651,302043898,0,302050116,0
2652,302043898,0,302317327,0
2653,302047807,0,301809655,0
2654,302047807,0,302043217,0
2655,302049918,0,302043898,0
2656,302050116,0,302043898,0
2657,302053818,0,300573225,0
2658,302053818,0,302055062,0
2659,302055062,0,300573225,0
2660,302055062,0,301178974,0
2661,302055062,0,301781478,0
2662,302056880,0,301180695,0
2663,302056880,0,301782519,0
2664,302056880,0,302577061,0
2665,302057829,0,301159655,0
2666,302057829,0,301319182,0
2667,302057829,0,302093888,0
2668,302057829,0,302525206,0
2669,302058794,0,302094755,0
2670,302058794,0,302523275,0
2671,302062670,0,300889831,0
2672,302062670,0,301409581,0
2673,302062670,0,302071420,0
2674,302062670,0,302507968,0
2675,302064745,0,300508192,0
2676,302064745,0,302073113,0
2677,302064745,0,302506555,0
2678,302069355,0,302109678,0
2679,302071420,0,302062670,0
2680,302073443,0,301925372,0
2681,302074092,0,301926376,0
2682,302074092,0,301944660,0
2683,302079029,0,300647542,0
2684,302079029,0,301994602,0
2685,302080577,0,300017782,0
2686,302080577,0,300051045,0
2687,302082218,0,300018584,0
2688,302082218,0,300051696,0
2689,302083615,0,300649586,0
2690,302083615,0,301332386,0
2691,302083615,0,301872745,0
2692,302084538,0,301333718,0
2693,302085449,0,301551130,0
2694,302085898,0,301551461,0
2695,302086667,0,301653538,0
2696,302086991,0,301652902,0
2697,302087956,0,301398199,0
2698,302088086,0,301397385,0
2699,302088404,0,301705655,0
2700,302090341,0,301704761,0
2701,302093888,0,301884930,0
2702,302093888,0,302057829,0
2703,302093888,0,302525206,0
2704,302094755,0,301886407,0
2705,302094755,0,302058794,0
2706,302094755,0,302523275,0
2707,302095311,0,301059400,0
2708,302095786,0,301060785,0
2709,302097268,0,300166146,0
2710,302097268,0,302131072,0
2711,302098136,0,300169164,0
2712,302098325,0,300101800,0
2713,302098325,0,300639356,0
2714,302098325,0,301112573,0
2715,302099019,0,300101609,0
2716,302099019,0,300638981,0
2717,302099019,0,301111016,0
2718,302099774,0,301643620,0
2719,302100709,0,301646941,0
2720,302100709,0,302329355,0
2721,302102484,0,300190115,0
2722,302102484,0,300570590,0
2723,302102484,0,302103481,0
2724,302102796,0,300191603,0
2725,302102796,0,300571643,0
2726,302102796,0,302105375,0
2727,302102796,0,302106761,0
2728,302103481,0,301999306,0
2729,302103481,0,302102484,0
2730,302103481,0,302360448,0
2731,302105375,0,301999766,0
2732,302105375,0,302102796,0
2733,302105375,0,302363358,0
2734,302105990,0,301999306,0
2735,302106761,0,301155354,0
2736,302106761,0,301999766,0
2737,302106761,0,302102796,0
2738,302106761,0,302448437,0
2739,302108827,0,301599532,0
2740,302109678,0,300493460,0
2741,302109678,0,300727564,0
2742,302109678,0,301326917,0
2743,302109678,0,302069355,0
2744,302109678,0,302152848,0
2745,302109678,0,302478749,0
2746,302111684,0,300466808,0
2747,302111684,0,300492677,0
2748,302111684,0,301326148,0
2749,302111684,0,302152216,0
2750,302111684,0,302475855,0
2751,302113827,0,301167817,0
2752,302113827,0,302116934,0
2753,302115324,0,300417413,0
2754,302115324,0,301164763,0
2755,302115324,0,302116618,0
2756,302116618,0,302115324,0
2757,302116934,0,302113827,0
2758,302120458,0,301873406,0
2759,302123812,0,301090308,0
2760,302123812,0,301834304,0
2761,302123812,0,302495922,0
2762,302124654,0,301090993,0
2763,302124654,0,302497141,0
2764,302131072,0,300921014,0
2765,302131072,0,302097268,0
2766,302140492,0,302373599,0
2767,302152216,0,302111684,0
2768,302152848,0,302109678,0
2769,302157399,0,301894758,0
2770,302161432,0,301275562,0
2771,302161432,0,301496976,0
2772,302164402,0,301279978,0
2773,302164402,0,301497736,0
2774,302166346,0,302174896,0
2775,302166346,0,302244619,0
2776,302171024,0,302176178,0
2777,302171024,0,302244619,0
2778,302171024,0,302245403,0
2779,302174896,0,300749230,0
2780,302174896,0,301791911,0
2781,302174896,0,302166346,0
2782,302176178,0,300744916,0
2783,302176178,0,302171024,0
2784,302179279,0,301115349,0
2785,302179279,0,301222360,0
2786,302179279,0,301309991,0
2787,302179279,0,301932973,0
2788,302179279,0,302460502,0
2789,302180797,0,301116380,0
2790,302180797,0,301222884,0
2791,302180797,0,301310685,0
2792,302180797,0,301934554,0
2793,302180797,0,302461723,0
2794,302225510,0,300510050,0
2795,302225510,0,300935500,0
2796,302228335,0,300511214,0
2797,302228335,0,300936740,0
2798,302230990,0,302238462,0
2799,302232251,0,302236842,0
2800,302234781,0,302236842,0
2801,302236271,0,302238462,0
2802,302236842,0,300909545,0
2803,302236842,0,301359543,0
2804,302236842,0,302232251,0
2805,302236842,0,302234781,0
2806,302238462,0,300911327,0
2807,302238462,0,301359861,0
2808,302238462,0,301812846,0
2809,302238462,0,301960656,0
2810,302238462,0,302230990,0
2811,302238462,0,302236271,0
2812,302244619,0,302166346,0
2813,302244619,0,302171024,0
2814,302245403,0,302166346,0
2815,302245403,0,302171024,0
2816,302248349,0,301074650,0
2817,302248349,0,302252634,0
2818,302248349,0,302257141,0
2819,302249441,0,302253065,0
2820,302249441,0,302258600,0
2821,302252634,0,302248349,0
2822,302253065,0,302249441,0
2823,302257141,0,301074650,0
2824,302257141,0,301351391,0
2825,302257141,0,302248349,0
2826,302258600,0,301076793,0
2827,302258600,0,302249441,0
2828,302263982,0,301086545,0
2829,302266145,0,300938801,0
2830,302266600,0,300939105,0
2831,302267308,0,301551633,0
2832,302267308,0,301552885,0
2833,302270342,0,300849357,0
2834,302270342,0,300866047,0
2835,302270342,0,301106614,0
2836,302270342,0,301306273,0
2837,302270342,0,301421077,0
2838,302270342,0,301421602,0
2839,302270342,0,302577061,0
2840,302271544,0,300646413,0
2841,302271544,0,301308425,0
2842,302271544,0,302578235,0
2843,302273326,0,300289365,0
2844,302273326,0,300681094,0
2845,302273326,0,301017161,0
2846,302273326,0,301170243,0
2847,302273326,0,301319182,0
2848,302273326,0,302557357,0
2849,302274253,0,300289082,0
2850,302274253,0,300679147,0
2851,302274253,0,301017738,0
2852,302274253,0,301172889,0
2853,302274253,0,301317954,0
2854,302274253,0,302559180,0
2855,302277607,0,301103021,0
2856,302278337,0,301101391,0
2857,302278939,0,300804695,0
2858,302278939,0,300873603,0
2859,302278939,0,300885695,0
2860,302281325,0,300806512,0
2861,302281325,0,300887062,0
2862,302283703,0,300150202,0
2863,302284578,0,302213270,0
2864,302290998,0,300583239,0
2865,302290998,0,301754421,0
2866,302290998,0,302301560,0
2867,302291843,0,300583990,0
2868,302291843,0,301755627,0
2869,302291843,0,302303077,0
2870,302294777,0,301689880,0
2871,302295998,0,301593649,0
2872,302301560,0,300087152,0
2873,302301560,0,300909545,0
2874,302301560,0,302290998,0
2875,302303077,0,300085264,0
2876,302303077,0,300911327,0
2877,302303077,0,301960656,0
2878,302303077,0,302291843,0
2879,302306288,0,300921014,0
2880,302306288,0,301343918,0
2881,302306288,0,301356683,0
2882,302306288,0,301560513,0
2883,302306288,0,302309341,0
2884,302307367,0,300922594,0
2885,302307367,0,301344963,0
2886,302307367,0,301561564,0
2887,302309341,0,302306288,0
2888,302310895,0,300760916,0
2889,302310895,0,301233347,0
2890,302311544,0,300762355,0
2891,302311544,0,302317327,0
2892,302318464,0,301222360,0
2893,302318464,0,301395617,0
2894,302319129,0,301222884,0
2895,302319129,0,301396047,0
2896,302321009,0,300707366,0
2897,302321009,0,301825671,0
2898,302321009,0,302037708,0
2899,302321009,0,302447344,0
2900,302324397,0,300705891,0
2901,302324397,0,301827535,0
2902,302324397,0,302448166,0
2903,302326695,0,301025913,0
2904,302326695,0,301613463,0
2905,302326695,0,302451951,0
2906,302328659,0,301612053,0
2907,302328659,0,302451113,0
2908,302329355,0,300788821,0
2909,302329355,0,300792991,0
2910,302330336,0,300695523,0
2911,302331262,0,300695024,0
2912,302331262,0,301047874,0
2913,302331262,0,301865197,0
2914,302333453,0,300694608,0
2915,302333453,0,301049462,0
2916,302333453,0,301871949,0
2917,302335828,0,300105746,0
2918,302336449,0,300106456,0
2919,302337667,0,302367604,0
2920,302337667,0,302368336,0
2921,302338327,0,302367785,0
2922,302338615,0,300791227,0
2923,302338615,0,301210854,0
2924,302340213,0,300792991,0
2925,302340213,0,301206474,0
2926,302340213,0,301212469,0
2927,302341266,0,300227507,0
2928,302345272,0,300229630,0
2929,302354537,0,301817500,0
2930,302356430,0,301818234,0
2931,302356820,0,300569090,0
2932,302357115,0,300569568,0
2933,302357115,0,301823092,0
2934,302359464,0,300930290,0
2935,302360351,0,300929567,0
2936,302360448,0,301886407,0
2937,302360448,0,302103481,0
2938,302360448,0,302523275,0
2939,302363358,0,302105375,0
2940,302367604,0,302337667,0
2941,302367604,0,302368336,0
2942,302367785,0,302338327,0
2943,302367785,0,302368787,0
2944,302368336,0,302337667,0
2945,302368336,0,302367604,0
2946,302368336,0,302395115,0
2947,302368787,0,302367785,0
2948,302368787,0,302369763,0
2949,302368787,0,302395115,0
2950,302369763,0,302368787,0
2951,302371718,0,301718158,0
2952,302371718,0,301959294,0
2953,302373599,0,301960656,0
2954,302374914,0,300506299,0
2955,302374914,0,300560586,0
2956,302374914,0,301372049,0
2957,302375828,0,300507053,0
2958,302375828,0,300561036,0
2959,302375828,0,301999766,0
2960,302377186,0,302377651,0
2961,302377651,0,302377186,0
2962,302382934,0,301668340,0
2963,302382934,0,301959294,0
2964,302383151,0,301668858,0
2965,302383151,0,301960656,0
2966,302383380,0,300500569,0
2967,302383380,0,300546646,0
2968,302383831,0,300494907,0
2969,302383831,0,300548781,0
2970,302384383,0,300638981,0
2971,302384843,0,300639356,0
2972,302384843,0,300851103,0
2973,302385102,0,301204557,0
2974,302385102,0,301382086,0
2975,302386612,0,301206474,0
2976,302388145,0,302451113,0
2977,302389220,0,302451951,0
2978,302389946,0,301922763,0
2979,302390335,0,301923391,0
2980,302391455,0,300013160,0
2981,302391867,0,300011757,0
2982,302392878,0,300849357,0
2983,302392878,0,301851523,0
2984,302393401,0,300851103,0
2985,302393401,0,301849288,0
2986,302395115,0,300133417,0
2987,302395115,0,301073822,0
2988,302395115,0,301716227,0
2989,302395115,0,302368336,0
2990,302395115,0,302368787,0
2991,302399399,0,301716491,0
2992,302400218,0,302366200,0
2993,302400929,0,302365397,0
2994,302401590,0,301508719,0
2995,302401590,0,301531375,0
2996,302402268,0,301509527,0
2997,302402268,0,301533120,0
2998,302402559,0,300438166,0
2999,302403030,0,300438567,0
3000,302403206,0,301447302,0
3001,302403671,0,301446749,0
3002,302405326,0,300085264,0
3003,302405326,0,300822449,0
3004,302407603,0,300087152,0
3005,302407603,0,300822115,0
3006,302410393,0,300986027,0
3007,302410393,0,302560548,0
3008,302412164,0,300988232,0
3009,302412164,0,302561888,0
3010,302417895,0,300644839,0
3011,302417895,0,301821266,0
3012,302418538,0,300645493,0
3013,302418538,0,301823092,0
3014,302420530,0,300639356,0
3015,302421158,0,301894758,0
3016,302422068,0,301895837,0
3017,302422685,0,300417413,0
3018,302422685,0,300983862,0
3019,302422685,0,302427087,0
3020,302424254,0,300419289,0
3021,302424254,0,300985387,0
3022,302424254,0,302428377,0
3023,302427087,0,302422685,0
3024,302428377,0,302424254,0
3025,302434605,0,300804695,0
3026,302435026,0,301760944,0
3027,302435671,0,301761186,0
3028,302436341,0,300359459,0
3029,302436341,0,301735736,0
3030,302436622,0,300359862,0
3031,302439949,0,300227507,0
3032,302439949,0,301204557,0
3033,302445636,0,300829496,0
3034,302446651,0,300828779,0
3035,302447344,0,300707366,0
3036,302447344,0,300935500,0
3037,302447344,0,302321009,0
3038,302448166,0,302324397,0
3039,302448437,0,301155354,0
3040,302448437,0,302106761,0
3041,302448889,0,301156112,0
3042,302449430,0,301160031,0
3043,302449430,0,301167817,0
3044,302449430,0,301611067,0
3045,302450640,0,301159655,0
3046,302451113,0,300696518,0
3047,302451113,0,301474513,0
3048,302451113,0,301612053,0
3049,302451113,0,302328659,0
3050,302451113,0,302388145,0
3051,302451951,0,300695523,0
3052,302451951,0,301475282,0
3053,302451951,0,301613463,0
3054,302451951,0,302326695,0
3055,302451951,0,302389220,0
3056,302455297,0,300543603,0
3057,302455297,0,301923391,0
3058,302459109,0,300545015,0
3059,302459109,0,301922763,0
3060,302460502,0,300631391,0
3061,302460502,0,300958880,0
3062,302460502,0,301115349,0
3063,302460502,0,301222360,0
3064,302460502,0,302179279,0
3065,302461723,0,300632438,0
3066,302461723,0,301116380,0
3067,302461723,0,301222884,0
3068,302461723,0,302180797,0
3069,302462619,0,300646413,0
3070,302463154,0,300647070,0
3071,302464693,0,300724081,0
3072,302464693,0,300958880,0
3073,302464693,0,301222360,0
3074,302464693,0,301996377,0
3075,302466111,0,300724861,0
3076,302466111,0,300959731,0
3077,302466111,0,301222884,0
3078,302468635,0,300356926,0
3079,302469928,0,300357983,0
3080,302469928,0,301595596,0
3081,302475855,0,300466808,0
3082,302475855,0,301326148,0
3083,302475855,0,302111684,0
3084,302478749,0,300467913,0
3085,302478749,0,301326917,0
3086,302478749,0,302109678,0
3087,302484208,0,302490170,0
3088,302485650,0,302491961,0
3089,302490170,0,301204557,0
3090,302490170,0,302484208,0
3091,302491961,0,301206474,0
3092,302491961,0,302485650,0
3093,302495922,0,300834198,0
3094,302495922,0,300931555,0
3095,302495922,0,301195536,0
3096,302495922,0,301870889,0
3097,302495922,0,302123812,0
3098,302497141,0,300835609,0
3099,302497141,0,301871949,0
3100,302497141,0,302124654,0
3101,302497938,0,301749320,0
3102,302498708,0,301406640,0
3103,302498708,0,301943406,0
3104,302499750,0,301407465,0
3105,302500884,0,300933154,0
3106,302500884,0,301275562,0
3107,302500884,0,302584981,0
3108,302502163,0,302588099,0
3109,302504131,0,300577920,0
3110,302504131,0,300583990,0
3111,302505716,0,300576680,0
3112,302505716,0,300583239,0
3113,302506555,0,301198737,0
3114,302506555,0,301540365,0
3115,302506555,0,302064745,0
3116,302507968,0,302062670,0
3117,302509292,0,300267871,0
3118,302510879,0,301244410,0
3119,302510879,0,301742296,0
3120,302512922,0,301740892,0
3121,302512922,0,301897787,0
3122,302513269,0,300360650,0
3123,302513269,0,301129977,0
3124,302513269,0,301548193,0
3125,302513269,0,301781478,0
3126,302513269,0,302036578,0
3127,302513740,0,301131043,0
3128,302513740,0,301549291,0
3129,302513740,0,301782519,0
3130,302513740,0,302035337,0
3131,302513740,0,302037272,0
3132,302515341,0,301746605,0
3133,302517265,0,301705655,0
3134,302517265,0,301748318,0
3135,302519555,0,300583990,0
3136,302520219,0,300570590,0
3137,302520219,0,301337486,0
3138,302520219,0,302564986,0
3139,302521353,0,300571643,0
3140,302521353,0,302566015,0
3141,302523275,0,300569090,0
3142,302523275,0,301886407,0
3143,302523275,0,302058794,0
3144,302523275,0,302094755,0
3145,302523275,0,302360448,0
3146,302525206,0,300569568,0
3147,302525206,0,301884930,0
3148,302525206,0,302057829,0
3149,302525206,0,302093888,0
3150,302526925,0,300732960,0
3151,302526925,0,301461822,0
3152,302526925,0,302539968,0
3153,302527734,0,300733905,0
3154,302527734,0,301463137,0
3155,302527734,0,302540236,0
3156,302529264,0,301247240,0
3157,302529945,0,301251128,0
3158,302530861,0,300853776,0
3159,302530861,0,301074650,0
3160,302531422,0,300087152,0
3161,302531422,0,300856860,0
3162,302531422,0,301076793,0
3163,302531422,0,301257612,0
3164,302533313,0,301463965,0
3165,302533540,0,301466593,0
3166,302539968,0,302526925,0
3167,302540236,0,300018584,0
3168,302540236,0,302527734,0
3169,302540578,0,301017161,0
3170,302540578,0,301170243,0
3171,302541302,0,301017738,0
3172,302541302,0,301172889,0
3173,302555954,0,302225510,0
3174,302556720,0,302228335,0
3175,302557357,0,301164763,0
3176,302557357,0,301170243,0
3177,302557357,0,302273326,0
3178,302559180,0,301160031,0
3179,302559180,0,301167817,0
3180,302559180,0,301172889,0
3181,302559180,0,301611067,0
3182,302559180,0,302274253,0
3183,302560548,0,300525453,0
3184,302560548,0,302410393,0
3185,302561888,0,300287640,0
3186,302561888,0,301415021,0
3187,302561888,0,302412164,0
3188,302564986,0,300696518,0
3189,302564986,0,301292128,0
3190,302564986,0,301930512,0
3191,302564986,0,302520219,0
3192,302566015,0,300695523,0
3193,302566015,0,301293158,0
3194,302566015,0,302521353,0
3195,302569130,0,300067038,0
3196,302569130,0,300067966,0
3197,302569130,0,301813400,0
3198,302569130,0,301898129,0
3199,302570282,0,300067767,0
3200,302570282,0,300068278,0
3201,302570282,0,301814085,0
3202,302570282,0,301899360,0
3203,302572823,0,301290333,0
3204,302575008,0,301289701,0
3205,302577061,0,301180695,0
3206,302577061,0,302056880,0
3207,302577061,0,302270342,0
3208,302578235,0,301781478,0
3209,302578235,0,302271544,0
3210,302580449,0,301638438,0
3211,302584981,0,300904163,0
3212,302584981,0,301129977,0
3213,302584981,0,301226240,0
3214,302584981,0,302036578,0
3215,302584981,0,302500884,0
3216,302588099,0,300904548,0
3217,302588099,0,301227137,0
3218,302588099,0,302037272,0
3219,302588099,0,302502163,0
