,Synset16,PoS,Palabra,TagCount
0,00017954,n,grupo,44
1,00049855,n,compra,22
2,06004580,n,empresa,81
3,03168190,n,central,6
4,10671811,n,gas,8
5,09809646,n,megavatio,4
6,07601722,n,portavoz,17
7,00508925,n,proyecto,26
8,00585093,n,construcción,7
9,09962919,n,norte,1
10,00605730,n,utilización,5
11,10669661,n,combustible,5
12,05470013,n,ciclo,1
13,07793035,n,electricidad,2
14,03038207,n,red,3
15,05072418,n,acuerdo,51
16,00721968,n,venta,17
17,07794689,n,energía,8
18,10859852,n,duración,2
19,10917509,n,año,195
20,00804778,n,participación,12
21,05049880,n,licitación,3
22,04916758,n,licencia,17
23,06006256,n,compañía,37
24,09902865,n,millón,149
25,07402066,n,alcaldesa,3
26,07311393,n,cabeza,3
27,04866394,n,lista,25
28,50001207,n,PP,43
29,50004690,n,provincia,7
30,07409291,n,militante,12
31,05556959,n,victoria,47
32,00802092,n,revancha,8
33,05036589,n,insulto,3
34,05033377,n,ataque,5
35,02835992,n,hotel,4
36,06283013,n,capital,29
37,06331456,n,sede,17
38,10885886,n,noche,14
39,05596946,n,emoción,1
40,00118873,n,elección,45
41,07211532,n,diputada,4
42,00268156,n,abrazo,1
43,05608483,n,cariño,1
44,50001564,n,José_María_Aznar,27
45,07391044,n,hombre,19
46,05957883,n,gente,5
47,06131180,n,partido,66
48,00004123,n,persona,55
49,50001564,n,Aznar,16
50,05339187,n,diálogo,13
51,03828648,n,prepotencia,2
52,03814650,n,honradez,1
53,05436632,n,"roblemas""/>",6
54,06304618,n,circunscripción,2
55,05432762,n,hecho,21
56,05460817,n,factor,6
57,00377835,n,trabajo,20
58,07401898,n,alcalde,10
59,04549495,n,ejemplo,2
60,09768132,n,resultado,26
61,50004744,n,Andalucía,7
62,09528888,n,propiedad,4
63,50001205,n,PSOE,37
64,09765658,n,número,21
65,04479404,n,recuerdo,1
66,00728919,n,gobierno,2
67,05388391,n,notificación,1
68,00239181,n,concentración,3
69,00513665,n,control,14
70,03625791,n,cable,3
71,00709934,n,operación,36
72,04894916,n,contrato,16
73,00736489,n,gestión,11
74,00718330,n,transferencia,1
75,09606854,n,acción,10
76,06007961,n,sociedad,2
77,06084119,n,holding,2
78,04586952,n,fin,3
79,00379388,n,servicio,22
80,04741813,n,telecomunicación,11
81,06581760,n,España,65
82,06009295,n,asesoría,2
83,00607693,n,ingeniería,1
84,00592801,n,industria,1
85,00606479,n,explotación,2
86,03001546,n,mina,10
87,00419850,n,examen,2
88,04859637,n,documentación,4
89,00756855,n,competencia,13
90,03994627,n,campo,3
91,00607299,n,aplicación,6
92,00744399,n,reglamentación,1
93,07459501,n,parte,3
94,05068616,n,observación,1
95,10935385,n,plazo,24
96,10878116,n,día,67
97,06493148,n,Brasil,42
98,10877003,n,mañana,2
99,05550251,n,final,21
100,07147536,n,campeón,35
101,08409338,n,hierba,3
102,05549454,n,torneo,25
103,04016440,n,ventaja,16
104,07480903,n,jugador,76
105,06093198,n,equipo,125
106,05980665,n,pareja,1
107,00133654,n,sorteo,2
108,00635718,n,fuego,2
109,05550595,n,semifinal,16
110,10647622,n,tierra,3
111,00682063,n,permanencia,3
112,07692038,n,joven,5
113,10947841,n,temporada,31
114,06205356,n,elite,1
115,00307617,n,tenis,10
116,06447085,n,Ecuador,25
117,06468082,n,Rumanía,4
118,06580849,n,Uzbekistán,1
119,06536741,n,Holanda,3
120,07162467,n,entrenador,17
121,07089646,n,atleta,11
122,07522531,n,plusmarquista,2
123,04002199,n,altura,3
124,10032130,n,condición,11
125,05029668,n,medalla,15
126,10487505,n,oro,18
127,05542799,n,competición,17
128,00105760,n,decisión,60
129,00136859,n,suspensión,1
130,00411620,n,entrenamiento,16
131,00036443,n,marca,13
132,00211639,n,regreso,4
133,02511316,n,pista,4
134,06368526,n,localidad,10
135,09822324,n,metro,19
136,07535673,n,rival,31
137,10390190,n,confianza,1
138,04588033,n,propósito,1
139,03875475,n,color,5
140,10552050,n,bronce,10
141,05605549,n,decepción,1
142,50001207,n,Partido_Popular,3
143,03991218,n,mayoría,24
144,07211532,n,diputado,8
145,04039297,n,sufragio,11
146,00119067,n,voto,40
147,50004392,n,instauración,1
148,06191005,n,democracia,16
149,05479891,n,crecimiento,2
150,50004747,n,Comunidad_de_Madrid,1
151,03305625,n,escaño,6
152,07287417,n,general,15
153,05558471,n,derrota,26
154,50001224,n,IU,9
155,07601722,n,representante,12
156,09891093,n,mitad,10
157,07491804,n,fuerza,17
158,07496197,n,presidente,106
159,06358701,n,región,9
160,00036683,n,éxito,10
161,50001406,n,popular,3
162,10040291,n,crisis,15
163,06223796,n,izquierda,6
164,00027115,n,entrada,1
165,06311854,n,sur,10
166,09766572,n,cómputo,1
167,06395720,n,zona,20
168,06355858,n,municipio,4
169,03731940,n,margen,5
170,02207321,n,área,2
171,50004430,n,Congreso_de_los_Diputados,3
172,09533504,n,feudo,4
173,06311701,n,norte,5
174,06382213,n,pueblo,1
175,03686135,n,color,1
176,07670539,n,elector,6
177,03833898,n,confianza,2
178,02175180,n,aeropuerto,7
179,05355937,n,propuesta,23
180,04456658,n,conclusión,6
181,05477947,n,naufragio,4
182,03436357,n,submarino,12
183,05062076,n,tesis,1
184,05444467,n,colisión,6
185,03318070,n,buque,9
186,05043361,n,anuncio,12
187,06172564,n,comisión,13
188,00003731,n,causa,4
189,05483331,n,hundimiento,1
190,10650211,n,agua,15
191,06781925,n,mar,3
192,04526699,n,hipótesis,4
193,07412658,n,ministro,82
194,10919146,n,mes,34
195,05479076,n,muerte,12
196,07543103,n,tripulante,5
197,05452645,n,catástrofe,3
198,04678109,n,historia,1
199,10938063,n,hora,24
200,06166238,n,reunión,30
201,04736003,n,prensa,42
202,10035141,n,situación,42
203,05468032,n,impacto,1
204,03001369,n,mina,32
205,05362628,n,versión,5
206,00077986,n,disparo,2
207,03520783,n,torpedo,2
208,00042411,n,error,9
209,00808287,n,sabotaje,2
210,06685453,n,fragmento,1
211,06363890,n,inmediaciones,1
212,00014887,n,lugar,9
213,04000219,n,profundidad,2
214,05437539,n,tragedia,1
215,10335257,n,preocupación,3
216,03940125,n,retraso,1
217,06950891,n,autoridad,43
218,00060540,n,rescate,5
219,50001347,n,secretismo,2
220,06570227,n,Moscú,12
221,06496830,n,Londres,7
222,04568501,n,posibilidad,7
223,04480764,n,dato,16
224,03299229,n,sismógrafo,2
225,02558982,n,sensor,2
226,05448780,n,explosión,5
227,02751705,n,joya,1
228,04978781,n,registro,2
229,00258668,n,destrozo,2
230,02321005,n,proa,1
231,10862128,n,semana,27
232,05459242,n,comienzo,1
233,00262937,n,operación,12
234,04056323,n,cadáver,7
235,06249735,n,línea,9
236,00015594,n,tiempo,29
237,00038702,n,fracaso,1
238,04515071,n,principio,5
239,07063930,n,almirante,3
240,07168653,n,comandante,2
241,05443572,n,accidente,15
242,04409123,n,negligencia,1
243,10851114,n,día,20
244,07311393,n,responsable,15
245,03811466,n,tenacidad,1
246,04526699,n,teoría,2
247,03436768,n,sumergible,1
248,00615775,n,maniobra,2
249,09823426,n,milla,1
250,03967504,n,distancia,2
251,03220068,n,grabación,2
252,03576894,n,vídeo,1
253,00058512,n,salvamento,1
254,06142758,n,tripulación,1
255,02479078,n,compartimento,2
256,07116457,n,marino,2
257,06321228,n,región,11
258,07404067,n,miembro,35
259,00178533,n,inmersión,1
260,02264641,n,batiscafo,1
261,05994237,n,filial,10
262,06201293,n,mando,3
263,04056524,n,cuerpo,2
264,00503611,n,intento,3
265,10381983,n,suerte,2
266,00480983,n,blasfemia,1
267,07356867,n,familiar,4
268,04888919,n,petición,14
269,10850147,n,momento,6
270,03142093,n,plataforma,2
271,00461778,n,trabajo,1
272,10918381,n,decenio,1
273,06197821,n,cumbre,6
274,05011213,n,compromiso,10
275,00017487,n,acción,19
276,04019795,n,interés,16
277,04857759,n,resumen,1
278,05040541,n,declaración,9
279,07273778,n,jefe,17
280,06074189,n,país,116
281,00786193,n,apoyo,21
282,09669871,n,proceso,39
283,00779108,n,integración,2
284,00240731,n,intensificación,1
285,00780822,n,cooperación,18
286,05347846,n,negociación,15
287,10071502,n,conflicto,11
288,00156102,n,iniciativa,13
289,09959274,n,control,1
290,00227536,n,reducción,3
291,00722332,n,tráfico,4
292,03601456,n,armamento,3
293,10395239,n,deuda,1
294,04394770,n,obstáculo,2
295,09725434,n,crecimiento,2
296,03750498,n,estabilidad,5
297,04991678,n,política,33
298,00160202,n,desarrollo,12
299,00154800,n,establecimiento,3
300,09924828,n,relación,25
301,06422916,n,Colombia,28
302,06416037,n,Chile,6
303,02222271,n,lazo,1
304,10918381,n,década,8
305,04859637,n,documento,9
306,05593817,n,preocupación,1
307,04993125,n,proteccionismo,2
308,05370812,n,deseo,6
309,00798373,n,movilización,2
310,09598145,n,recurso,13
311,04533991,n,programa,17
312,03746913,n,movilidad,2
313,00416938,n,investigación,6
314,07153837,n,niño,11
315,00652375,n,alfabetización,1
316,06938480,n,adulto,1
317,00583085,n,creación,4
318,05350422,n,"ema""/>",3
319,04816275,n,texto,3
320,04028238,n,necesidad,8
321,10051706,n,prioridad,8
322,00159609,n,progreso,4
323,04533598,n,programa,10
324,06492677,n,Bolivia,10
325,00731545,n,educación,2
326,04867510,n,asunto,1
327,04827181,n,firma,2
328,06649698,n,Venezuela,28
329,06424551,n,Centroamérica,4
330,00706993,n,comercio,7
331,05080521,n,aspecto,1
332,05069358,n,referencia,3
333,00610851,n,bloqueo,1
334,04994165,n,embargo,9
335,09901389,n,sesenta,1
336,06410305,n,Argentina,35
337,05449233,n,vez,44
338,07539656,n,gobernante,5
339,00111872,n,forma,32
340,07495113,n,presidente,31
341,00507777,n,ensayo,1
342,00567704,n,educación,6
343,04485976,n,base,5
344,04479710,n,materia,4
345,06416695,n,Viña_del_Mar,1
346,50004905,n,gobernabilidad,4
347,03459836,n,sistema,11
348,50001286,n,pluralismo,2
349,04032289,n,derechos_humanos,10
350,10081855,n,libertad,2
351,03993027,n,marco,1
352,04586952,n,objetivo,23
353,06002286,n,institución,16
354,04590255,n,cultura,4
355,05043129,n,declaración,22
356,03730389,n,igualdad,3
357,10390345,n,oportunidad,10
358,00047814,n,comercio,4
359,05481414,n,transformación,1
360,03733407,n,desigualdad,1
361,10041308,n,exclusión,2
362,10397144,n,pobreza,2
363,03803876,n,corrupción,4
364,00490349,n,terrorismo,5
365,00722484,n,narcotráfico,11
366,00809976,n,lavado,1
367,09534064,n,dinero,2
368,04003291,n,valor,8
369,04904589,n,ley,25
370,03858780,n,estructura,1
371,03779450,n,transparencia,5
372,02975720,n,medio,17
373,00712138,n,financiación,7
374,00409314,n,esfuerzo,14
375,06558391,n,Portugal,13
376,00054269,n,detención,2
377,04914659,n,orden,1
378,00736721,n,justicia,5
379,00269778,n,tortura,2
380,00808515,n,genocidio,3
381,10428324,n,riesgo,9
382,10092910,n,recesión,1
383,06555220,n,Perú,12
384,02716453,n,foro,1
385,04466733,n,acuerdo,7
386,10065207,n,paz,17
387,00756240,n,conflicto,2
388,00803600,n,integración,3
389,06239374,n,sistema,5
390,06432973,n,La_Habana,10
391,07063762,n,director,23
392,04950638,n,tema,11
393,06193947,n,economía,19
394,00378579,n,funcionamiento,2
395,04030305,n,derecho,23
396,00133315,n,rechazo,7
397,00113217,n,medida,24
398,06299747,n,país,87
399,04538868,n,estrategia,14
400,10040518,n,desequilibrio,3
401,04377480,n,solución,17
402,09649911,n,deuda,10
403,04378256,n,disciplina,1
404,00735967,n,supervisión,3
405,00125689,n,cambio,11
406,00462318,n,papel,21
407,00117820,n,adopción,4
408,10366424,n,salud,6
409,00524093,n,conservación,1
410,06213619,n,delegación,8
411,06156630,n,Naciones_Unidas,2
412,00471060,n,misión,3
413,06307482,n,territorio,14
414,05438121,n,final,8
415,04738466,n,diario,24
416,06143628,n,tropa,3
417,07388553,n,mariscal,1
418,00031519,n,retirada,4
419,06507271,n,Egipto,10
420,04311223,n,mano,12
421,00830294,n,El_Alamein,2
422,10898122,n,momento,32
423,10865688,n,vida,26
424,05412651,n,promoción,1
425,06801422,n,costa,5
426,04470977,n,cálculo,1
427,09922737,n,espacio,3
428,09784524,n,hectárea,3
429,06273995,n,desierto,7
430,06760411,n,planeta,1
431,06753779,n,mundo,38
432,06156630,n,ONU,5
433,06359477,n,región,1
434,09822867,n,kilómetro,21
435,06744503,n,península,3
436,00626011,n,guerra,27
437,06667942,n,tierra,4
438,04015637,n,ayuda,1
439,00505798,n,batalla,1
440,06442182,n,"lemania""/>",9
441,06495315,n,Reino_Unido,5
442,00611703,n,operación,12
443,04697893,n,postura,1
444,04382397,n,protocolo,1
445,00605730,n,uso,11
446,06279444,n,frontera,6
447,06543687,n,Libia,1
448,00235235,n,expansión,4
449,00501053,n,piratería,2
450,06119534,n,banda,6
451,06947056,n,experto,13
452,06546136,n,Malasia,1
453,06546359,n,Kuala_Lumpur,2
454,00204553,n,transporte,5
455,06074189,n,nación,13
456,06348591,n,ruta,6
457,00494444,n,ataque,4
458,06512746,n,Indonesia,1
459,03990394,n,número,18
460,00494444,n,asalto,2
461,00495415,n,secuestro,2
462,10922179,n,mes,19
463,05391410,n,informe,2
464,05343252,n,conferencia,8
465,00758807,n,lucha,1
466,07478389,n,pirata,5
467,00472484,n,violación,2
468,02174460,n,avión,12
469,06154620,n,flota,1
470,05447746,n,incidente,5
471,06741251,n,isla,12
472,06307482,n,dominio,1
473,10081021,n,soberanía,10
474,09902316,n,millar,2
475,05960134,n,muerto,1
476,03318070,n,barco,13
477,02170808,n,aeronave,3
478,05010399,n,comunicado,3
479,00762587,n,protesta,17
480,00387454,n,embajada,1
481,06410900,n,Buenos_Aires,9
482,05150156,n,bandera,4
483,10018921,n,límite,1
484,06743622,n,archipiélago,1
485,00516738,n,limitación,1
486,02017289,n,merluza,9
487,10047274,n,ocasión,6
488,05342032,n,discusión,2
489,04479710,n,cuestión,8
490,07147791,n,canciller,7
491,06239959,n,organismo,12
492,07345715,n,isleño,1
493,00128676,n,cambio,4
494,07661487,n,súbdito,1
495,05152096,n,corona,1
496,07136302,n,candidato,60
497,00392749,n,presidencia,13
498,06895914,n,espíritu,2
499,06240467,n,convención,5
500,07202206,n,hija,3
501,06103316,n,audiencia,3
502,04200320,n,lágrima,3
503,04122028,n,ojo,4
504,07625197,n,superviviente,1
505,07495220,n,presidente,13
506,07258194,n,padre,12
507,06337331,n,límite,1
508,05016983,n,vítor,2
509,05017234,n,aplauso,4
510,05329225,n,grito,2
511,05534547,n,oleada,3
512,02247873,n,pancarta,1
513,04779688,n,apellido,1
514,02543063,n,podium,1
515,02412359,n,centro,8
516,06235973,n,fila,2
517,04445071,n,recuerdo,4
518,00027339,n,aparición,3
519,05975517,n,familia,8
520,04879303,n,programa,3
521,03732812,n,diversidad,1
522,10367157,n,necesidad,13
523,05973283,n,sociedad,14
524,06691078,n,mundo,1
525,07043346,n,estadounidense,18
526,07664782,n,vicepresidente,2
527,04548473,n,ideal,1
528,02693529,n,antorcha,1
529,10355477,n,liderazgo,1
530,00017487,n,acto,14
531,06618700,n,Michigan,10
532,05975241,n,clan,1
533,07236672,n,patriarca,1
534,07563953,n,senador,12
535,07127521,n,hermano,9
536,04750884,n,palabra,3
537,00104850,n,elección,2
538,06103316,n,público,10
539,07432658,n,sobrina,1
540,03662887,n,entusiasmo,2
541,07207615,n,delegado,3
542,00687814,n,descanso,4
543,05261047,n,frase,2
544,05032854,n,crítica,10
545,00236696,n,extensión,3
546,06084772,n,servicio,8
547,00686953,n,reclamación,5
548,05387341,n,reivindicación,4
549,05454715,n,éxito,4
550,00511429,n,candidatura,25
551,00509919,n,campaña,23
552,06624712,n,Nueva_Jersey,1
553,04710672,n,conservadurismo,1
554,07208789,n,demócrata,8
555,04118055,n,labio,2
556,09580808,n,impuesto,19
557,00263789,n,práctica,1
558,06998898,n,judío,1
559,50000630,n,vicepresidencia,1
560,05974106,n,raza,4
561,04402548,n,duda,3
562,04884887,n,historial,2
563,06605075,n,Connecticut,1
564,00787171,n,defensa,4
565,00781577,n,compromiso,2
566,04565571,n,religión,3
567,00002086,n,ser,1
568,03685960,n,imagen,10
569,03727288,n,semejanza,1
570,07497477,n,reverendo,1
571,04696462,n,postura,2
572,07199293,n,papá,1
573,07094006,n,bebé,2
574,06287351,n,ciudad,39
575,05387111,n,protesta,2
576,03426236,n,calle,5
577,05051824,n,causa,1
578,00629628,n,bombardeo,2
579,06515909,n,Iraq,1
580,05369860,n,altercado,1
581,50002066,n,guardameta,2
582,04357044,n,sueño,7
583,00182783,n,carrera,11
584,05554348,n,partido,108
585,03038089,n,portería,6
586,05598965,n,satisfacción,1
587,00029100,n,ida,7
588,03396704,n,estadio,21
589,10943650,n,minuto,39
590,03893540,n,silencio,2
591,05479076,n,fallecimiento,1
592,05596105,n,ilusión,3
593,10898122,n,instante,2
594,05478453,n,triunfo,30
595,07293634,n,portero,6
596,07620124,n,suplente,3
597,50005915,n,encuentro,7
598,00182783,n,trayectoria,1
599,06116890,n,división,6
600,04586055,n,maleficio,2
601,50001161,n,españolista,1
602,07165420,n,compañero,1
603,10865473,n,baja,5
604,10257548,n,lesión,15
605,04312269,n,dedo,2
606,06248399,n,racha,4
607,10391300,n,oportunidad,11
608,05596105,n,alegría,2
609,50001167,n,afición,3
610,10849807,n,futuro,33
611,04454237,n,premonición,1
612,06107600,n,club,22
613,00304700,n,fútbol,31
614,04014190,n,romanticismo,1
615,04563224,n,filosofía,2
616,06660574,n,aliciente,1
617,00799933,n,sesión,9
618,07505579,n,patrocinador,2
619,04462889,n,selección,21
620,05049646,n,declaración,3
621,00148822,n,cierre,6
622,00718494,n,traspaso,7
623,00787586,n,patrocinio,3
624,03340699,n,camiseta,3
625,03731593,n,diferencia,11
626,00717352,n,negociación,5
627,07522867,n,fichaje,2
628,07592357,n,hijo,3
629,05427502,n,logotipo,1
630,07171285,n,regidor,1
631,07217113,n,directivo,7
632,07507504,n,fiscal,13
633,04043948,n,"alizedlemma=""tráfico_de_influencias",3
634,03820287,n,prevaricación,2
635,00496188,n,malversación,1
636,09614312,n,caudal,1
637,02872007,n,cárcel,6
638,00775201,n,juicio,3
639,00224903,n,desvío,1
640,06106524,n,consistorio,1
641,05378080,n,pregunta,15
642,05072928,n,condición,5
643,00092823,n,reconocimiento,1
644,09633406,n,letra,7
645,10884278,n,mañana,16
646,07059160,n,procesado,2
647,07091430,n,auditor,2
648,00789600,n,representación,7
649,09947291,n,resto,30
650,04387608,n,conocimiento,5
651,04025511,n,importancia,10
652,10917007,n,ejercicio,5
653,06176884,n,tribunal,4
654,05379363,n,prueba,1
655,07684230,n,testigo,3
656,07287045,n,gerente,3
657,00765298,n,causa,1
658,05046939,n,afirmación,2
659,07366159,n,abogado,4
660,00018916,n,relación,4
661,07529675,n,republicano,7
662,00427523,n,recuento,14
663,06607388,n,Florida,13
664,05402928,n,demanda,3
665,10856821,n,hora,19
666,04736420,n,correo,3
667,03735303,n,garantía,3
668,10887026,n,medianoche,1
669,04768298,n,nombre,8
670,06300934,n,condado,11
671,04052818,n,selectividad,1
672,00809976,n,limpieza,1
673,04367590,n,locura,1
674,05592642,n,incertidumbre,1
675,00711063,n,mercado,68
676,07350806,n,juez,23
677,00205732,n,entrega,6
678,04495853,n,opinión,13
679,03773162,n,validez,2
680,10883946,n,jornada,7
681,06320533,n,frente,1
682,06374245,n,estado,5
683,06112041,n,sindicato,7
684,05368405,n,desacuerdo,4
685,00723154,n,venta,7
686,03601056,n,arma,9
687,50005594,n,Santa_Bárbara,5
688,04533598,n,plan,9
689,07556672,n,secretario,6
690,10335257,n,malestar,5
691,05997592,n,organización,25
692,50001231,n,CCOO,2
693,50001232,n,UGT,3
694,04494752,n,plan,8
695,06007767,n,firma,10
696,10063469,n,empleo,14
697,07240707,n,trabajador,13
698,06950891,n,dirigente,19
699,07164888,n,socio,11
700,00712429,n,inversión,16
701,00417296,n,investigación,1
702,02986968,n,centro,2
703,00586701,n,producción,18
704,04949838,n,contenido,4
705,07769123,n,respuesta,3
706,03785284,n,bondad,1
707,09599330,n,inversión,11
708,04901002,n,venta,4
709,04046475,n,disposición,4
710,05055491,n,respuesta,6
711,06172564,n,comité,2
712,05591792,n,temor,5
713,10388744,n,posibilidad,25
714,07043346,n,americano,1
715,02934345,n,carga,1
716,00383807,n,trabajo,4
717,07197309,n,cliente,13
718,02338425,n,cartera,1
719,50001016,n,andaluz,1
720,04968965,n,carta,6
721,00800818,n,presencia,8
722,00027115,n,acceso,6
723,07412658,n,consejero,8
724,05408794,n,recurso,2
725,05972379,n,comunidad,15
726,00040608,n,incumplimiento,3
727,00731811,n,obligación,6
728,05074858,n,tratado,8
729,05051824,n,motivo,2
730,06382213,n,población,3
731,00171220,n,reparación,1
732,02228581,n,avería,1
733,00558391,n,cálculo,3
734,06118015,n,núcleo,3
735,06079663,n,población,15
736,06357451,n,radio,1
737,07828438,n,radiación,1
738,00258668,n,daño,1
739,00564461,n,contemplación,1
740,06200783,n,directiva,4
741,00522858,n,protección,6
742,00061811,n,cumplimiento,1
743,06000383,n,gobierno,29
744,06649991,n,Caracas,5
745,03704727,n,facilidad,4
746,10527530,n,petróleo,3
747,05009963,n,comunicado,14
748,04818688,n,borrador,4
749,10348212,n,desarrollo,10
750,03629197,n,obra,10
751,07336733,n,titular,10
752,07496197,n,presidenta,8
753,09576753,n,precio,49
754,04400914,n,homólogo,2
755,05074858,n,convenio,6
756,06230917,n,mercado,5
757,06078325,n,Organización_de_Países_Exportadores_de_Petróleo,3
758,06078325,n,OPEP,4
759,10699784,n,hidrocarburo,1
760,10749997,n,crudo,6
761,04500860,n,especie,6
762,09631860,n,crédito,3
763,07109613,n,beneficiario,1
764,09790186,n,barril,2
765,09575153,n,plazo,3
766,09580808,n,tasa,4
767,09588854,n,interés,8
768,05074858,n,pacto,4
769,05963394,n,conjunto,4
770,05062190,n,condición,5
771,02253645,n,barril,2
772,03175725,n,producto,37
773,06435521,n,Barbados,3
774,06425983,n,Belice,7
775,06424874,n,Costa_Rica,13
776,06426151,n,Honduras,13
777,06426825,n,Nicaragua,6
778,07664428,n,vicepresidente,20
779,06515909,n,Irak,6
780,06522440,n,Jordania,2
781,05558628,n,revés,3
782,05005140,n,fuente,30
783,00800256,n,visita,24
784,00385376,n,cargo,13
785,05367196,n,ratificación,1
786,00679011,n,presentación,1
787,06070031,n,Cámara_de_Representantes,1
788,04016883,n,favor,7
789,03824571,n,abstención,2
790,04588594,n,intención,8
791,00617685,n,levantamiento,3
792,04023017,n,sanción,16
793,06209853,n,tropa,5
794,06516233,n,Bagdad,1
795,05558628,n,percance,1
796,07476655,n,piloto,7
797,10079933,n,libertad,5
798,07273101,n,extranjero,6
799,06588905,n,Damasco,1
800,02256491,n,base,2
801,00029100,n,salida,8
802,06346008,n,exterior,1
803,07572840,n,tirador,1
804,07683006,n,vencedor,6
805,00328496,n,edición,3
806,00508046,n,prueba,24
807,03457380,n,espada,3
808,07049525,n,"lemán""/>",2
809,03853114,n,edad,4
810,03731593,n,"alizedlemma=""con_diferencia",11
811,00283141,n,combate,3
812,07023800,n,húngaro,1
813,04081360,n,tocado,1
814,09891778,n,cuarto,2
815,05542799,n,campeonato,13
816,50004164,n,Mundo,1
817,00574678,n,preparación,3
818,07038257,n,español,14
819,10044643,n,fase,13
820,10352060,n,clasificación,12
821,10042358,n,cuadro,4
822,10351976,n,posición,8
823,07263267,n,finalista,5
824,02855978,n,infraestructura,6
825,03532413,n,transporte,4
826,00233535,n,crecimiento,3
827,06835944,n,continente,9
828,05371036,n,invitación,2
829,07556911,n,secretario,20
830,03461269,n,mesa,4
831,05404801,n,discurso,9
832,04974979,n,bienvenida,4
833,07458879,n,participante,2
834,06471164,n,Canadá,11
835,06648794,n,Uruguay,3
836,06560812,n,Santa_Lucía,1
837,50004208,n,viceministro,1
838,07072843,n,embajador,1
839,06953561,n,observador,5
840,06214548,n,sector,49
841,03733698,n,disparidad,1
842,03977358,n,tamaño,5
843,00159157,n,mejora,8
844,04588033,n,meta,2
845,06077390,n,Organización_de_Estados_Americanos,4
846,06077390,n,OEA,4
847,00805766,n,intervención,2
848,10425881,n,seguridad,14
849,00521429,n,navegación,1
850,00193473,n,turismo,7
851,00720146,n,comercio,3
852,06285184,n,cielo,3
853,05972379,n,asociación,4
854,00240588,n,fortalecimiento,1
855,00194802,n,aviación,1
856,07326946,n,anfitrión,4
857,05438613,n,resultado,17
858,07312570,n,mandatario,3
859,07011261,n,chileno,1
860,00022246,n,acto,2
861,10918678,n,siglo,3
862,10044643,n,nivel,4
863,04515709,n,"lementos""/>",5
864,05068616,n,comentario,1
865,05081510,n,caso,15
866,07215549,n,dictador,2
867,04888151,n,solicitud,4
868,00139574,n,extradición,6
869,05018240,n,felicitación,1
870,10860522,n,período,3
871,00787700,n,respaldo,7
872,10966076,n,mandato,1
873,06650824,n,Yemen,3
874,06171035,n,comité,3
875,00515970,n,coordinación,5
876,06808613,n,Mar_Rojo,1
877,06353479,n,posición,1
878,00107819,n,paso,2
879,00799023,n,encuentro,12
880,07529131,n,representante,7
881,00780822,n,colaboración,5
882,05342032,n,debate,25
883,07056778,n,profesor,1
884,07423166,n,independiente,5
885,07183159,n,coordinador,3
886,05146255,n,seña,1
887,04445326,n,identidad,1
888,04476879,n,mundo,7
889,10049536,n,igualdad,3
890,07684780,n,mujer,27
891,03720318,n,aspecto,7
892,10984112,n,legislatura,7
893,04875428,n,candidatura,4
894,03717983,n,excelencia,1
895,10843624,n,periodo,7
896,04463475,n,alternativa,8
897,04559362,n,modelo,1
898,04527384,n,marco,3
899,10056493,n,convivencia,2
900,06950891,n,líder,30
901,00093268,n,revisión,4
902,07182455,n,preso,5
903,10107584,n,inminencia,1
904,05438927,n,desenlace,2
905,04006407,n,bien,1
906,06277165,n,patria,1
907,03801117,n,justicia,7
908,07006309,n,argentino,4
909,10054966,n,realidad,2
910,10410497,n,terreno,3
911,00403152,n,derecho,2
912,07486519,n,político,7
913,10917791,n,año,39
914,07182598,n,condenado,1
915,02808393,n,cuartel,5
916,00807301,n,huelga,8
917,10112984,n,hambre,2
918,00768711,n,sentencia,4
919,07203851,n,muerto,2
920,07567074,n,militar,7
921,07485319,n,policía,2
922,07482912,n,asaltante,1
923,00767259,n,apelación,5
924,04888919,n,instancia,3
925,05073898,n,convenio,3
926,05367872,n,conflicto,1
927,06201641,n,gabinete,3
928,05002688,n,recomendación,4
929,00811226,n,indulto,1
930,03794441,n,gracia,3
931,00770012,n,condena,2
932,03600463,n,vía,11
933,10628288,n,carbón,6
934,03630808,n,explotación,4
935,00418126,n,investigación,3
936,06093563,n,policía,5
937,05035921,n,castigo,1
938,00736489,n,regulación,1
939,06182884,n,órgano,5
940,10888430,n,semana,12
941,05391713,n,informe,18
942,03973686,n,nivel,14
943,06780036,n,yacimiento,3
944,07622519,n,supervisor,1
945,00148822,n,clausura,1
946,02661119,n,instalación,9
947,04381416,n,norma,1
948,00220085,n,cierre,6
949,10409482,n,circunstancia,6
950,05594325,n,inseguridad,1
951,06182017,n,oficina,2
952,02644452,n,equipo,5
953,02200827,n,aparato,5
954,02851548,n,herramienta,1
955,04897248,n,seguro,1
956,04697893,n,actitud,16
957,07505214,n,obrero,1
958,09556237,n,salario,3
959,10397595,n,miseria,2
960,00478127,n,negligencia,1
961,07412036,n,minero,1
962,00242644,n,explosión,3
963,06317549,n,campo,2
964,04496504,n,tipo,26
965,00011937,n,artefacto,4
966,06911394,n,Musa,2
967,07581578,n,especialista,6
968,09572348,n,ayuda,5
969,04515461,n,final,9
970,05544480,n,carrera,14
971,03199185,n,circuito,8
972,05542799,n,certamen,2
973,50000997,n,comisario,5
974,00131083,n,modificación,3
975,00028352,n,anclaje,1
976,03805366,n,seguridad,2
977,03241267,n,llanta,1
978,00363237,n,maniobra,4
979,03609242,n,rueda,4
980,00135765,n,exclusión,1
981,09780630,n,punto,25
982,06660089,n,motivo,4
983,07025273,n,italiano,3
984,00289269,n,juego,25
985,06373894,n,"alizedlemma=""parrilla_de_salida",4
986,00016185,n,estado,7
987,06236741,n,fila,1
988,02173575,n,aerolínea,3
989,00738404,n,permiso,3
990,00378984,n,operación,2
991,07440234,n,funcionario,11
992,04745080,n,radio,1
993,09597673,n,cantidad,8
994,04778525,n,nombre,9
995,02927599,n,línea,2
996,05051294,n,queja,2
997,07460409,n,pasajero,4
998,02237739,n,equipaje,1
999,10093359,n,suspensión,1
1000,00195810,n,vuelo,4
1001,00151154,n,cancelación,1
1002,07658488,n,usuario,2
1003,04892853,n,billete,1
1004,06133054,n,Partido_Demócrata,3
1005,00799751,n,convención,4
1006,06601656,n,California,1
1007,02543063,n,estrado,1
1008,03845084,n,formalidad,1
1009,05357635,n,ofrecimiento,1
1010,03614235,n,Casa_Blanca,1
1011,04862567,n,encuesta,5
1012,10885337,n,noche,1
1013,07154377,n,hijo,4
1014,04045365,n,control,2
1015,04055158,n,cuerpo,2
1016,10351040,n,infancia,1
1017,09949716,n,origen,1
1018,07256794,n,granjero,1
1019,07392506,n,hombre,1
1020,04565571,n,fe,1
1021,04546018,n,sentido,13
1022,03800378,n,bondad,1
1023,07061094,n,actor,6
1024,07280379,n,amigo,7
1025,04345975,n,cerebro,1
1026,04188555,n,corazón,4
1027,07636800,n,tenista,9
1028,00656313,n,recaudación,2
1029,00782440,n,ayuda,16
1030,05447477,n,capítulo,2
1031,06641958,n,Houston,2
1032,00335980,n,exhibición,4
1033,00274956,n,deporte,13
1034,05605928,n,esperanza,3
1035,04505726,n,lado,6
1036,03643456,n,personalidad,3
1037,07662630,n,personalidad,1
1038,10358202,n,celebridad,1
1039,00604336,n,búsqueda,5
1040,09637132,n,ingreso,1
1041,07683006,n,ganador,7
1042,04864239,n,título,26
1043,10874257,n,madurez,1
1044,05054071,n,definición,2
1045,05079660,n,criterio,1
1046,00009457,n,cosa,8
1047,04493671,n,concepto,1
1048,04515709,n,"lemento""/>",2
1049,10358076,n,gloria,3
1050,06318048,n,campo,20
1051,05468143,n,golpe,3
1052,00098007,n,descubrimiento,1
1053,07419862,n,madre,4
1054,07260159,n,hermana,2
1055,10229324,n,cáncer,1
1056,04302762,n,mama,1
1057,03841910,n,rendimiento,1
1058,00801297,n,ausencia,5
1059,04707108,n,perspectiva,1
1060,03973686,n,grado,2
1061,00043311,n,confusión,1
1062,00561563,n,valoración,1
1063,04777460,n,futuro,1
1064,07504318,n,profesional,5
1065,10980504,n,velocidad,1
1066,05487652,n,ajuste,4
1067,10843624,n,etapa,2
1068,10055723,n,verdad,2
1069,07770258,n,suerte,4
1070,06521320,n,Osaka,6
1071,50001201,n,COI,4
1072,06418755,n,Pekín,15
1073,06526004,n,París,10
1074,06475753,n,Toronto,1
1075,06592068,n,Estambul,2
1076,06591295,n,Turquía,2
1077,06417803,n,China,8
1078,07174873,n,favorita,3
1079,04463475,n,opción,5
1080,03693651,n,atractivo,1
1081,04546812,n,centro,1
1082,04465927,n,clave,12
1083,04441868,n,experiencia,6
1084,05368498,n,disputa,6
1085,06541310,n,Corea_del_Sur,1
1086,06609298,n,Atlanta,3
1087,07402490,n,medallista,1
1088,09945970,n,componente,2
1089,06520625,n,Tokio,6
1090,03793754,n,amabilidad,1
1091,05961082,n,pueblo,1
1092,03868099,n,deseo,2
1093,10038317,n,amistad,1
1094,03932475,n,energía,1
1095,03397314,n,escenario,12
1096,04438179,n,aprendizaje,1
1097,07665319,n,víctima,5
1098,05526375,n,terremoto,2
1099,06513590,n,Sumatra,2
1100,07218412,n,desplazado,1
1101,00782440+09572348,n,ayuda,19
1102,05998735,n,Cruz_Roja,1
1103,50001236,n,ONG,1
1104,00782440,n,asistencia,2
1105,07524744,n,refugiado,2
1106,04511080,n,montante,1
1107,10399525,n,higiene,2
1108,02296701,n,manta,1
1109,04505974,n,parte,4
1110,10206259,n,malnutrición,1
1111,00212509,n,inundación,1
1112,06279059,n,frontera,7
1113,02653712,n,autopista,2
1114,03515040,n,peaje,3
1115,01661550,n,pie,5
1116,06581325,n,Latinoamérica,5
1117,00047814,n,compraventa,1
1118,04496504,n,clase,5
1119,06046450,n,B,1
1120,00517391,n,propiedad,4
1121,07563088,n,vendedor,5
1122,09652682,n,capital,1
1123,06231214,n,circulación,7
1124,07174445,n,concesionario,1
1125,00737978,n,autorización,2
1126,04899789,n,concesión,3
1127,00527713,n,defensa,5
1128,06846327,n,requisito,7
1129,05367196,n,confirmación,1
1130,03243979,n,carretera,5
1131,02159544,n,acceso,1
1132,09537885,n,ganancia,1
1133,00236409,n,ampliación,1
1134,00170063,n,modernización,2
1135,03991813,n,extensión,1
1136,07011668,n,colombiano,5
1137,05606361,n,optimismo,2
1138,05933471,n,combinado,1
1139,05397001,n,declaración,3
1140,02479780,n,"lementos""/>",2
1141,04602448,n,dimensión,1
1142,10054722,n,realidad,5
1143,02511316,n,cancha,5
1144,07528776,n,periodista,16
1145,05592914,n,vergüenza,1
1146,04588594,n,idea,1
1147,05003422,n,secreto,1
1148,05595498,n,confianza,6
1149,04528955,n,exigencia,4
1150,50004855,n,gol,40
1151,00198579,n,viaje,5
1152,10846536,n,hora,15
1153,06447526,n,Quito,2
1154,07633507,n,técnico,19
1155,04869316,n,alineación,2
1156,09946775,n,"lementos""/>",1
1157,09661570,n,nómina,1
1158,07095815,n,defensa,12
1159,50002067,n,delantero,14
1160,04434354,n,balance,3
1161,07398661,n,jefe,10
1162,05348111,n,diplomacia,3
1163,07152632,n,animador,2
1164,06443523,n,Berlín,2
1165,00787796,n,aprobación,3
1166,03983965,n,incremento,5
1167,00510453,n,reforma,11
1168,50001202,n,UE,46
1169,00025788,n,logro,1
1170,01875414,n,caballo,1
1171,03654412,n,vitalidad,1
1172,03931784,n,fuerza,17
1173,04563026,n,confianza,4
1174,09669871,n,"alizedlemma=""proceso_de_paz",34
1175,06807798,n,Mediterráneo,2
1176,05417191,n,referencia,1
1177,10357033,n,prestigio,2
1178,06837693,n,Asia,5
1179,10056790,n,presencia,9
1180,05403815,n,denuncia,9
1181,00743461,n,detención,9
1182,09898220,n,decena,1
1183,06952517,n,ciudadano,23
1184,04859637,n,cédula,8
1185,03717166,n,nota,2
1186,04450733,n,reflexión,1
1187,00120305,n,votación,9
1188,06214058,n,misión,2
1189,00154800,n,formación,2
1190,50005014,n,dominicano,5
1191,02243845,n,urna,3
1192,05360200,n,convocatoria,1
1193,00143589,n,asesinato,5
1194,03066414,n,dependencia,2
1195,10862458,n,jornada,2
1196,02588950,n,puerta,5
1197,00034259,n,éxodo,1
1198,09535912,n,provincia,4
1199,00567704,n,enseñanza,3
1200,10863595,n,vacaciones,3
1201,07617015,n,alumno,1
1202,10368281,n,emergencia,2
1203,07264519,n,bombero,2
1204,04906199,n,legislación,4
1205,03281918,n,colegio,7
1206,10885066,n,tarde,11
1207,00239677,n,inclusión,7
1208,10069677,n,incidente,1
1209,00153241,n,inicio,1
1210,00427431,n,escrutinio,6
1211,00027235,n,inscripción,2
1212,10851812,n,historia,17
1213,00486495,n,fraude,3
1214,09573434,n,saldo,1
1215,05962842,n,herido,2
1216,04506619,n,atención,4
1217,05401516,n,acusación,3
1218,07064973,n,adversario,5
1219,04376254,n,método,3
1220,08002472,n,pétalo,2
1221,08920236,n,rosa,2
1222,07673728,n,caudillo,3
1223,00653260,n,agrupación,1
1224,05056012,n,anuncio,1
1225,07682628,n,lateral,2
1226,06117892,n,cuadro,1
1227,00151517,n,rescisión,2
1228,09525525,n,propiedad,1
1229,04819775,n,cláusula,4
1230,00239058,n,acumulación,2
1231,04971341,n,tarjeta,4
1232,05370393,n,solicitud,5
1233,10391014,n,audiencia,4
1234,50001084,n,pronunciamiento,3
1235,03772982,n,legalidad,1
1236,03316185,n,amparo,3
1237,04697988,n,tendencia,1
1238,50005898,n,centroizquierda,1
1239,04985978,n,argumento,1
1240,50001206,n,PSC,3
1241,00105760,n,resolución,2
1242,06169549,n,parlamento,4
1243,10411732,n,competencia,3
1244,03716446,n,naturaleza,5
1245,06075573,n,bloque,4
1246,07368908,n,legislador,3
1247,05441797,n,cambio,1
1248,10413828,n,clima,3
1249,00198945,n,etapa,5
1250,07354565,n,rey,4
1251,03916773,n,frío,3
1252,06700800,n,cordillera,2
1253,06674595,n,masa,1
1254,07848889,n,aire,1
1255,02486466,n,cono,1
1256,03284884,n,marcador,1
1257,10492641,n,mercurio,1
1258,03493877,n,termómetro,1
1259,09871313,n,grado,5
1260,09894639,n,cero,4
1261,06286659,n,corazón,2
1262,06815540,n,Amazonas,1
1263,03914851,n,temperatura,3
1264,06726581,n,altiplano,1
1265,07848889,n,viento,3
1266,02222774,n,traje,2
1267,07516053,n,reina,1
1268,50000102,n,abrigo,1
1269,03998008,n,altitud,1
1270,03296757,n,parte,12
1271,04868776,n,agenda,3
1272,03998178,n,nivel,1
1273,50001226,n,CiU,9
1274,50001212,n,ERC,3
1275,50001567,n,Jordi_Pujol,6
1276,03736278,n,opción,6
1277,05541618,n,investidura,2
1278,04700175,n,preferencia,3
1279,06155266,n,coalición,8
1280,10055422,n,realidad,1
1281,04049240,n,capacidad,17
1282,04043948,n,influencia,3
1283,05357456,n,aproximación,1
1284,03988388,n,moderación,1
1285,09726614,n,oferta,1
1286,00015185,n,forma,2
1287,05375235,n,ultimátum,2
1288,02962635,n,ficha,1
1289,10409788,n,marco,8
1290,03830857,n,prudencia,2
1291,00509919,n,movimiento,5
1292,03734940,n,determinación,1
1293,00117820,n,aceptación,1
1294,04399253,n,apoyo,7
1295,04801234,n,ciencia-ficción,1
1296,05073174,n,pacto,10
1297,10358350,n,respeto,4
1298,05080036,n,posición,5
1299,04373072,n,visión,1
1300,00757193,n,contienda,2
1301,06232231,n,formación,8
1302,05035457,n,acusación,1
1303,04368639,n,incompetencia,1
1304,09898493,n,docena,1
1305,50001258,n,mitin,3
1306,00619852,n,violencia,16
1307,10044643,n,tramo,1
1308,00077986,n,tiro,5
1309,07623193,n,seguidor,8
1310,02373756,n,caravana,1
1311,04882396,n,nota,11
1312,00799534,n,cita,8
1313,00490590,n,delito,4
1314,07022801,n,haitiano,1
1315,03643928,n,identidad,3
1316,00263204,n,práctica,3
1317,07766144,n,consecuencia,5
1318,00020056,n,cantidad,9
1319,07067167,n,agente,5
1320,06049069,n,departamento,1
1321,01411738,n,piel,2
1322,05390364,n,admisión,1
1323,03745305,n,irregularidad,1
1324,09983447,n,contradicción,2
1325,03481923,n,cámara,3
1326,03481385,n,televisión,12
1327,10880047,n,fecha,16
1328,05400506,n,denuncia,1
1329,06949059,n,vecino,1
1330,06293689,n,barrio,1
1331,03264534,n,bolsa,1
1332,00011575,n,alimento,5
1333,00725730,n,pago,8
1334,02535416,n,peculiaridad,1
1335,09954914,n,frecuencia,4
1336,03940671,n,simultaneidad,1
1337,10036039,n,relación,1
1338,00246210,n,separación,2
1339,05991993,n,sexo,1
1340,10965545,n,inicio,1
1341,05075069,n,alianza,7
1342,06218045,n,feria,4
1343,00598038,n,arte,8
1344,50001561,n,Felipe_González,12
1345,50001561,n,González,8
1346,00539727,n,comida,3
1347,06951922,n,intermediario,7
1348,04485138,n,consideración,2
1349,04884887,n,expediente,2
1350,04988542,n,norma,7
1351,06943718,n,consumidor,8
1352,50004018,n,internet,4
1353,07491804,n,poder,2
1354,07222387,n,don,1
1355,10850147,n,época,8
1356,07131641,n,empresario,13
1357,07222387,n,señor,5
1358,00361596,n,escándalo,1
1359,10983365,n,etapa,1
1360,10060845,n,vida,3
1361,07327220,n,rehén,1
1362,04758968,n,término,2
1363,04988542,n,regla,3
1364,03038461,n,cadena,9
1365,03939980,n,antelación,1
1366,04564824,n,opinión,3
1367,05339187,n,conversación,4
1368,04481751,n,detalle,4
1369,07089646,n,deportista,12
1370,10501473,n,plata,7
1371,04864239,n,diploma,1
1372,05014301,n,reconocimiento,1
1373,07304800,n,invitado,1
1374,00274505,n,deporte,12
1375,05020724,n,homenaje,3
1376,05418696,n,criterio,6
1377,03845434,n,ceremonia,1
1378,10068579,n,confusión,1
1379,06427707,n,Mérida,7
1380,03205120,n,emisora,4
1381,04747736,n,FM,1
1382,05402928,n,querella,1
1383,04461993,n,resolución,3
1384,05041935,n,verdad,1
1385,05063005,n,mentira,1
1386,05050587,n,palabra,4
1387,00170245,n,renovación,4
1388,10975635,n,frecuencia,9
1389,07605809,n,regidor,1
1390,00817732,n,revocación,1
1391,04899497,n,sociedad,10
1392,00740440,n,concesión,1
1393,02912496,n,tribunal,1
1394,00657170,n,suspensión,4
1395,05051824,n,razón,2
1396,07804172,n,churra,1
1397,04950638,n,objeto,3
1398,00269249,n,persecución,2
1399,09919371,n,asomo,1
1400,04700782,n,partidismo,1
1401,00719953,n,amiguismo,1
1402,50004745,n,Extremadura,1
1403,04728675,n,comunicación,5
1404,10649338,n,suelo,2
1405,05957670,n,mundo,6
1406,04859332,n,resumen,1
1407,00261466,n,actividad,23
1408,00182418,n,avance,5
1409,05369177,n,disputa,1
1410,10849142,n,pasado,4
1411,10917979,n,semestre,2
1412,07276697,n,fundadora,1
1413,04564355,n,expectativa,4
1414,06552873,n,Nigeria,1
1415,05383114,n,negativa,1
1416,00062253,n,mecanismo,6
1417,05522654,n,daño,8
1418,00544133,n,emparejamiento,2
1419,05550763,n,cuartos_de_final,2
1420,06384327,n,terreno,8
1421,07250654,n,verdugo,2
1422,04015246,n,ventaja,5
1423,50001012,n,catalán,2
1424,50001182,n,plantilla,11
1425,50001038,n,valenciano,1
1426,10427605,n,peligro,2
1427,00466389,n,defensa,1
1428,07445577,n,contrario,2
1429,06110607,n,liga,7
1430,07322596,n,acaparador,1
1431,04089833,n,hueso,1
1432,07366159,n,jurista,1
1433,06468938,n,Croacia,7
1434,04470276,n,sondeo,6
1435,03768230,n,exactitud,1
1436,06940455,n,aspirante,5
1437,50000540,n,socialdemócrata,3
1438,07370772,n,liberal,1
1439,05518283,n,ascenso,3
1440,03772438,n,popularidad,3
1441,05454273,n,caída,1
1442,07074308,n,analista,14
1443,05524229,n,giro,1
1444,04435025,n,contraste,1
1445,10080443,n,independencia,6
1446,05613629,n,humor,1
1447,04703024,n,tolerancia,1
1448,03756011,n,espontaneidad,1
1449,03684009,n,"alizedlemma=""dar_la_impresión",1
1450,50000535,n,croata,3
1451,50005898,n,centro-izquierda,1
1452,03692429,n,encanto,1
1453,04041746,n,poder,5
1454,04903413,n,poder,1
1455,04400046,n,tentación,1
1456,00697514,n,represión,1
1457,02383458,n,automóvil,7
1458,00026402,n,entrada,11
1459,07276210,n,fundador,1
1460,00700029,n,alianza,1
1461,06134477,n,Partido_Liberal,1
1462,06468727,n,Yugoslavia,12
1463,10945917,n,primavera,3
1464,03102801,n,prisión,7
1465,07164888,n,colaborador,2
1466,07194134,n,crítico,2
1467,00803479,n,democratización,1
1468,06069224,n,electorado,5
1469,04577414,n,populismo,1
1470,10346799,n,cohesión,4
1471,06069040,n,pueblo,1
1472,00153241,n,apertura,5
1473,00118732,n,referendo,1
1474,50001202,n,Unión_Europea,14
1475,05370812,n,voluntad,9
1476,05377714,n,entrevista,1
1477,06449758,n,Grecia,2
1478,03861527,n,adhesión,1
1479,06557193,n,Polonia,4
1480,06538331,n,Hungría,2
1481,00788240,n,ayuda,1
1482,00485108,n,engaño,1
1483,03935080,n,debilidad,1
1484,04465690,n,base,2
1485,00050952,n,toma,3
1486,00703319,n,reparto,2
1487,50004689,n,región,1
1488,03801287,n,legitimidad,1
1489,00247514,n,división,1
1490,06514401,n,Irán,3
1491,06575751,n,Ucrania,1
1492,03417221,n,bolsa,6
1493,10091362,n,funcionamiento,2
1494,03977751,n,volumen,11
1495,00789880,n,contratación,2
1496,07505579,n,promotor,2
1497,03993027,n,ámbito,3
1498,03893274,n,voz,2
1499,02443096,n,circuito,1
1500,04514257,n,punto,3
1501,06373003,n,espacio,4
1502,00126393,n,ahorro,6
1503,09590667,n,comisión,1
1504,07133843,n,comprador,2
1505,09731736,n,pérdida,1
1506,05374570,n,facturación,3
1507,05358049,n,oferta,12
1508,05374441,n,demanda,7
1509,05359574,n,orden,2
1510,03714294,n,calidad,7
1511,00717352,n,transacción,4
1512,10040804,n,entorno,2
1513,04731849,n,página,5
1514,03632937,n,web,2
1515,04981133,n,índice,6
1516,03745861,n,fluctuación,1
1517,09924294,n,capacidad,1
1518,04001445,n,ancho,1
1519,04734266,n,banda,8
1520,10848167,n,actualidad,5
1521,09565482,n,cuota,2
1522,00057368,n,subasta,8
1523,00804210,n,fusión,20
1524,03989310,n,lujo,2
1525,06587357,n,Suiza,3
1526,06588141,n,Ginebra,1
1527,02734676,n,galería,1
1528,06588413,n,Zurich,1
1529,05153478,n,exposición,3
1530,03629197,n,"alizedlemma=""obra_de_arte",10
1531,04508194,n,valor,8
1532,02197924,n,antigüedad,1
1533,00710194,n,negocio,2
1534,04596100,n,área,3
1535,05916701,n,vino,1
1536,04829223,n,manuscrito,1
1537,07180689,n,intermediario,1
1538,50001224,n,Izquierda_Unida,1
1539,04017219,n,concesión,2
1540,06316268,n,entorno,1
1541,04799150,n,escrito,1
1542,03940522,n,retraso,1
1543,00771599,n,dictamen,3
1544,00242436,n,rotura,2
1545,03206298,n,balsa,1
1546,05452645,n,desastre,2
1547,06114444,n,consorcio,5
1548,06524612,n,Francia,18
1549,07451666,n,propietaria,1
1550,03055722,n,petrolero,5
1551,00731811,n,responsabilidad,6
1552,10126688,n,colapso,2
1553,10086663,n,dependencia,1
1554,00229211,n,consumo,7
1555,09598019,n,cifra,8
1556,09552872,n,gasto,8
1557,09903469,n,billón,1
1558,07811448,n,luz,1
1559,06011363,n,industria,8
1560,06071657,n,administración,2
1561,06151597,n,universidad,1
1562,50000544,n,privatización,5
1563,05408933,n,captación,2
1564,06660712,n,impulso,2
1565,07344878,n,inversor,9
1566,00570118,n,enseñanza,1
1567,06581325,n,América_Latina,8
1568,06247582,n,serie,15
1569,09614621,n,capital,6
1570,07612499,n,accionista,5
1571,04610564,n,media,1
1572,10383516,n,éxito,6
1573,00225760,n,reducción,5
1574,09727083,n,inflación,6
1575,00112599,n,instrumento,6
1576,00233535,n,aumento,9
1577,05480347,n,mejora,1
1578,04365365,n,eficiencia,3
1579,05084540,n,fórmula,3
1580,00219234,n,rotación,1
1581,09653966,n,balance,1
1582,03983517,n,cantidad,1
1583,07668613,n,visitante,4
1584,04436610,n,moda,2
1585,07645492,n,turista,4
1586,04892853,n,pasaje,5
1587,03399509,n,puesto,1
1588,02973327,n,material,6
1589,04729231,n,difusión,2
1590,05266809,n,música,2
1591,00337330,n,danza,1
1592,02792378,n,artesanía,1
1593,05604436,n,descontento,1
1594,06955549,n,viajero,1
1595,07496197,n,directora,3
1596,04392426,n,interés,8
1597,05997364,n,paquete,4
1598,06739108,n,playa,4
1599,06427822,n,Cancún,1
1600,07049525,n,"lemanes""/>",8
1601,05449557,n,movimiento,3
1602,03097378,n,pabellón,2
1603,05409803,n,promoción,4
1604,00212248,n,flujo,2
1605,00246048,n,apertura,1
1606,04504974,n,atractivo,2
1607,07002675,n,europeo,3
1608,03670158,n,cordialidad,2
1609,06080290,n,gente,5
1610,00015975,n,espacio,5
1611,10417677,n,ambiente,6
1612,06302863,n,destino,8
1613,10064397,n,tranquilidad,3
1614,00195002,n,vuelo,2
1615,00053417,n,subvención,1
1616,09423815,n,fruto,5
1617,06204513,n,visita,1
1618,03986878,n,caudal,1
1619,05434281,n,experiencia,1
1620,10064507,n,paz,3
1621,00509169,n,aventura,1
1622,06785268,n,selva,1
1623,04413760,n,sensación,2
1624,06737795,n,caverna,1
1625,05015182,n,permiso,9
1626,00288265,n,pesca,7
1627,00111872,n,modo,2
1628,09599476,n,capital,6
1629,09729055,n,incremento,1
1630,03989688,n,exceso,1
1631,00227536,n,disminución,3
1632,04403731,n,preocupación,8
1633,09881590,n,tonelada,10
1634,09821990,n,centímetro,2
1635,05455763,n,caída,2
1636,04467719,n,estudio,8
1637,10367399,n,escasez,2
1638,06045216,n,especie,2
1639,00609178,n,sobreexplotación,1
1640,00811153,n,prórroga,1
1641,04909380,n,decreto,1
1642,10967564,n,expiración,1
1643,03734362,n,irregularidad,1
1644,07146075,n,centrocampista,6
1645,00240204,n,ascenso,2
1646,10352475,n,categoría,4
1647,02874798,n,camiseta,1
1648,00506044,n,duelo,10
1649,10087349,n,empate,14
1650,03840662,n,sobresalto,1
1651,09975906,n,cuarto,6
1652,04017901,n,provecho,2
1653,05558628,n,tropiezo,1
1654,02618194,n,casa,10
1655,01665222,n,cola,1
1656,50004896,n,Mallorca,3
1657,50004921,n,Camp_Nou,2
1658,05252690,n,tabla,5
1659,50004925,n,La_Romareda,1
1660,09901877,n,centenar,6
1661,06309630,n,domicilio,5
1662,50004922,n,Anoeta,1
1663,05003120,n,amonestación,1
1664,00326232,n,partida,7
1665,07085250,n,artillero,3
1666,06282064,n,diana,2
1667,00130362,n,descenso,2
1668,00025919,n,llegada,6
1669,02281262,n,banquillo,2
1670,10952442,n,sequía,1
1671,00122416,n,tanto,7
1672,04475351,n,revelación,1
1673,06650275,n,Vietnam,13
1674,05360326,n,llamamiento,1
1675,02310834,n,bomba,6
1676,04011781,n,sentido,1
1677,05080756,n,"roblema""/>",4
1678,00670127,n,compromiso,2
1679,05414688,n,prohibición,1
1680,10071856,n,guerra,3
1681,10937467,n,trimestre,2
1682,02212979,n,arsenal,1
1683,00721409,n,exportación,11
1684,06188759,n,administración,4
1685,05013928,n,visado,3
1686,06837221,n,Sudamérica,2
1687,07338656,n,fuente,7
1688,06426967,n,Managua,4
1689,06846327,n,requerimiento,1
1690,06213915,n,legación,1
1691,07513476,n,traficante,4
1692,07334599,n,inmigrante,4
1693,10053835,n,nacionalidad,3
1694,06275359,n,origen,13
1695,00054269,n,arresto,1
1696,04925620,n,cargo,3
1697,00483936,n,falsificación,2
1698,04470360,n,investigación,3
1699,07193161,n,delincuente,1
1700,03549433,n,remolcador,2
1701,05051484,n,razón,4
1702,06804741,n,Pacífico,1
1703,02834408,n,hospital,4
1704,02251357,n,barcaza,1
1705,06925784,n,Thor,1
1706,07396425,n,marino,1
1707,02834408,n,clínica,1
1708,02516101,n,grúa,1
1709,02515336,n,nave,1
1710,00171721,n,mantenimiento,5
1711,00128951,n,sustitución,1
1712,06470323,n,Serbia,3
1713,00788511,n,mantenimiento,3
1714,00738216,n,sanción,2
1715,00716041,n,transporte,1
1716,06362245,n,puerto,8
1717,06795884,n,canal,1
1718,03254975,n,rotativo,4
1719,10966461,n,fin,8
1720,09596257,n,pérdida,2
1721,07444457,n,operador,1
1722,06154774,n,flota,2
1723,06819258,n,Danubio,1
1724,10063667,n,paro,2
1725,06488337,n,Austria,12
1726,00504440,n,aportación,3
1727,10339059,n,"roblemas""/>",11
1728,04396796,n,dificultad,2
1729,06491630,n,Bruselas,6
1730,05406019,n,conferencia,1
1731,00546392,n,generación,1
1732,07591125,n,soldado,6
1733,10048803,n,estatus,1
1734,06441402,n,Suecia,1
1735,06449229,n,Finlandia,1
1736,06438303,n,Dinamarca,2
1737,06076869,n,OTAN,9
1738,10345365,n,unión,4
1739,00611021,n,defensa,3
1740,06069040,n,ciudadanía,3
1741,00118732,n,referéndum,3
1742,00239807,n,incorporación,6
1743,50000420,n,euro,7
1744,02480311,n,composición,1
1745,04354522,n,capacidad,1
1746,03440994,n,total,6
1747,06208663,n,reserva,3
1748,05256340,n,teatro,1
1749,00684444,n,abastecimiento,2
1750,00744204,n,supresión,1
1751,02551913,n,defensa,1
1752,03004991,n,misil,1
1753,03275905,n,satélite,1
1754,00428272,n,espionaje,1
1755,09546163,n,apoyo,1
1756,00095657,n,articulación,1
1757,04015405,n,recurso,1
1758,04528166,n,esquema,4
1759,05021781,n,bachillerato,1
1760,50004255,n,trienio,2
1761,09651550,n,préstamo,4
1762,06214801,n,comando,10
1763,05359821,n,orden,1
1764,04842460,n,matrícula,2
1765,02386024,n,coche-bomba,1
1766,09880778,n,kilo,10
1767,02652566,n,explosivo,4
1768,00494444,n,atentado,13
1769,10377620,n,fallo,1
1770,06307377,n,distancia,2
1771,03566732,n,furgón,1
1772,07565570,n,sargento,1
1773,07138749,n,capitán,1
1774,07556118,n,alférez,1
1775,07681186,n,esposa,3
1776,05364555,n,aceptación,1
1777,10935869,n,condena,1
1778,50001400,n,etarra,4
1779,07193161,n,malhechor,2
1780,07123842,n,compañero,1
1781,03285371,n,gabarra,1
1782,06239044,n,red,3
1783,00568196,n,curso,1
1784,09966059,n,oeste,1
1785,07304325,n,escolta,2
1786,05018866,n,elogio,1
1787,00208372,n,inyección,2
1788,03649078,n,moral,3
1789,06138367,n,tabla,1
1790,02240791,n,balón,11
1791,00039566,n,tiro,4
1792,04047189,n,efectividad,3
1793,09952143,n,porcentaje,4
1794,04510642,n,triple,1
1795,05417191,n,"alizedlemma=""de_referencia",1
1796,05053651,n,desenlace,1
1797,05514832,n,rebote,2
1798,02260127,n,canasta,1
1799,03996935,n,envergadura,1
1800,01403412,n,ganado,4
1801,08462710,n,grano,18
1802,05461357,n,productor,17
1803,04044869,n,presión,10
1804,05836327,n,cereal,3
1805,00863895,n,cabeza,1
1806,07475776,n,piquete,1
1807,05479076,n,tránsito,1
1808,02942446,n,camión,7
1809,00214772,n,disturbio,5
1810,03225469,n,frigorífico,1
1811,06006004,n,cadena,2
1812,03444253,n,supermercado,2
1813,04453620,n,previsión,6
1814,06366622,n,campo,2
1815,09634656,n,crédito,14
1816,00056518,n,rechazo,1
1817,10753149,n,tinte,2
1818,00778860,n,aislamiento,1
1819,06488856,n,Viena,2
1820,06218181,n,ala,4
1821,07408554,n,comadrona,1
1822,07178667,n,conservador,3
1823,03662995,n,reticencia,2
1824,05060175,n,postulado,1
1825,00571937,n,clase,1
1826,04711142,n,democracia,1
1827,10427326,n,peligro,4
1828,06074189,n,república,2
1829,05432762,n,acontecimiento,2
1830,06315338,n,lado,1
1831,07494167,n,predecesor,1
1832,05299832,n,tono,2
1833,05590260,n,miedo,2
1834,03495843,n,cosa,11
1835,04734393,n,contacto,3
1836,10402913,n,normalidad,2
1837,00792210,n,conducta,1
1838,00001740,n,entidad,17
1839,06660574,n,incentivo,3
1840,00337330,n,baile,1
1841,06954382,n,beneficiario,1
1842,10310342,n,hemorragia,1
1843,06082537,n,masa,1
1844,07445577,n,oponente,1
1845,03976704,n,extremo,1
1846,06015475,n,aseguradora,1
1847,05069878,n,pensamiento,1
1848,05451946,n,ruptura,2
1849,10024194,n,espacio,1
1850,06316818,n,extremo,3
1851,04589152,n,voluntad,2
1852,03191832,n,puzzle,1
1853,07335484,n,personaje,2
1854,03643928,n,individualidad,1
1855,03856995,n,forma,2
1856,50001214,n,PNV,25
1857,03933665,n,violencia,1
1858,00792210,n,actuación,10
1859,03741896,n,solidaridad,4
1860,00729766,n,coacción,2
1861,00270440,n,ultraje,1
1862,07340973,n,instigador,1
1863,05047680,n,amenaza,8
1864,04833775,n,panfleto,1
1865,05155218,n,exhibicionismo,1
1866,05583678,n,fiebre,2
1867,00793321,n,intimidación,1
1868,05409803,n,publicidad,2
1869,06316649,n,extremo,1
1870,04007891,n,mal,2
1871,03569523,n,vehículo,8
1872,09907411,n,paso,1
1873,02758894,n,área,3
1874,00296274,n,hockey,2
1875,09871620,n,C,2
1876,07598298,n,espectador,5
1877,04412315,n,comentario,3
1878,06495688,n,Inglaterra,8
1879,00618654,n,contragolpe,3
1880,07260273,n,chica,1
1881,00291138,n,ataque,5
1882,00243962,n,combinación,2
1883,02591205,n,puerta,5
1884,04045518,n,autoridad,1
1885,10016225,n,bola,3
1886,00064905,n,lanzamiento,1
1887,00364173,n,jugada,5
1888,06374015,n,banda,5
1889,07421243,n,montañero,2
1890,04740751,n,reedición,1
1891,04831824,n,libro,4
1892,00200777,n,expedición,4
1893,04964806,n,programa,4
1894,03725768,n,vicisitud,1
1895,00627831,n,incursión,1
1896,06711088,n,montaña,5
1897,02797233,n,ala_delta,1
1898,06349777,n,cumbre,1
1899,07071413,n,alpinista,1
1900,00205135,n,distribución,3
1901,04944510,n,edición,1
1902,02314365,n,librería,1
1903,07689380,n,autor,2
1904,05461717,n,alfa,1
1905,05478896,n,omega,1
1906,06349777,n,cima,1
1907,06712573,n,Everest,1
1908,10025877,n,espolón,1
1909,06713494,n,Makalu,1
1910,04490585,n,gozada,1
1911,00593063,n,industrialización,1
1912,05596218,n,ilusión,3
1913,03857307,n,estilo,2
1914,07523999,n,árbitro,9
1915,04041746,n,potencia,3
1916,00630513,n,ofensiva,3
1917,05369415,n,polémica,6
1918,50000432,n,hincha,3
1919,50001167,n,hinchada,1
1920,06356389,n,local,4
1921,03927465,n,fortaleza,2
1922,04360292,n,habilidad,3
1923,50002065,n,futbolista,6
1924,07451666,n,dueño,4
1925,10860372,n,lapso,1
1926,05562060,n,celo,1
1927,04884055,n,marcador,9
1928,00042411,n,yerro,1
1929,10646492,n,aire,2
1930,03037972,n,red,1
1931,05468490,n,toque,1
1932,00180278+00362507,n,movimiento,1
1933,07121930,n,patrón,1
1934,10041089,n,equilibrio,2
1935,00463745,n,posición,1
1936,04361152,n,maestría,1
1937,10311355,n,vértigo,1
1938,03679549,n,solvencia,1
1939,07663074,n,veterano,2
1940,00032499,n,salida,2
1941,05616745,n,ansia,2
1942,06337463,n,línea,2
1943,00629424,n,contraataque,1
1944,06796761,n,pared,2
1945,07606870,n,sustituto,1
1946,03684305,n,figura,2
1947,07059467,n,estrella,2
1948,07035060,n,ruso,3
1949,07188374,n,compatriota,5
1950,03433996,n,estudio,1
1951,07200414,n,dama,1
1952,10042222,n,aprieto,1
1953,07418621,n,ogro,1
1954,06578288,n,Bakú,1
1955,02889527,n,rey,3
1956,03098128,n,peón,2
1957,10002522,n,casilla,1
1958,10017100,n,columna,2
1959,50001112,n,h,1
1960,00108013,n,jugada,3
1961,03742947,n,complejidad,1
1962,03960878,n,posición,2
1963,00627257,n,acometida,1
1964,02962635,n,pieza,3
1965,07386587,n,maestro,2
1966,00108157,n,movimiento,1
1967,06949059,n,habitante,4
1968,04594727,n,disciplina,3
1969,00279937,n,natación,3
1970,00286443,n,ciclismo,4
1971,10987217,n,auge,1
1972,00153747,n,introducción,1
1973,02285672,n,bicicleta,4
1974,09724860,n,evolución,5
1975,00297363,n,golf,2
1976,03342539,n,patín,1
1977,10794215,n,nieve,1
1978,07623193,n,aficionado,6
1979,00284326,n,patinaje,1
1980,00305795,n,squash,1
1981,05128468,n,marca,9
1982,50004756,n,Baleares,2
1983,02160048,n,"omplementos""/>",1
1984,00111872,n,manera,13
1985,02476046,n,artículo,2
1986,02236345,n,bolsa,2
1987,03237601,n,cinta,1
1988,03379037,n,gafas,1
1989,03506835,n,reloj,4
1990,03635818,n,muñequera,1
1991,04028728,n,peso,1
1992,00287066,n,caza,1
1993,00288131,n,pesca,1
1994,02852104,n,importación,5
1995,00407010,n,confección,1
1996,02712266,n,calzado,2
1997,02653164,n,exportación,2
1998,00593220,n,confección,1
1999,03372354,n,canal,2
2000,04536899,n,sistema,9
2001,04026515,n,importancia,1
2002,04026719,n,relevancia,1
2003,06446067,n,Stuttgart,3
2004,00251311,n,eliminación,9
2005,10340106,n,apuro,1
2006,06550965,n,Casablanca,1
2007,10959680,n,set,5
2008,03682813,n,pasaporte,1
2009,07561913,n,cabeza_de_serie,2
2010,09547800,n,premio,6
2011,06647785,n,Milwaukee,1
2012,00614914,n,batalla,5
2013,06348591,n,camino,1
2014,07435971,n,novato,2
2015,05367872,n,enfrentamiento,2
2016,05367634,n,discrepancia,1
2017,03662132,n,agresividad,1
2018,05437768,n,inicio,2
2019,00719653,n,intercambio,4
2020,05065771,n,rodeo,1
2021,07599433,n,gastador,1
2022,07297767,n,gobernador,7
2023,06641138,n,Texas,8
2024,02418562,n,silla,3
2025,06617190,n,Boston,1
2026,00227536,n,recorte,2
2027,07533214,n,rico,1
2028,10859737,n,duración,1
2029,06621291,n,San_Luis,1
2030,50005331,n,Misuri,1
2031,05586846,n,calma,1
2032,04706473,n,visión,2
2033,06089493,n,ejército,2
2034,00132807,n,reacción,1
2035,06195881,n,generación,1
2036,00607693,n,tecnología,3
2037,00031422,n,inmigración,4
2038,07595952,n,hispano,1
2039,04586506,n,escepticismo,1
2040,05396749,n,palabra,2
2041,06940721,n,asistente,1
2042,03985255,n,caída,7
2043,04874965,n,horario,3
2044,09596149,n,rebaja,2
2045,00712429,n,"alizedlemma=""fondo_de_inversión",10
2046,06727012,n,plana,1
2047,04732643,n,portada,2
2048,10072681,n,sospecha,1
2049,03747353,n,movilidad,1
2050,06009454,n,editorial,3
2051,09529953,n,bien,2
2052,03713714,n,inconveniente,1
2053,05616745,n,afán,1
2054,03423493,n,recta,1
2055,04046763,n,veto,2
2056,02692272,n,bandera,2
2057,10363192,n,soberanía,2
2058,07438399,n,observador,1
2059,00751324,n,castigo,3
2060,04977171,n,información,10
2061,04480483,n,información,14
2062,03668938,n,simpatía,1
2063,04922159,n,llamamiento,1
2064,06445349,n,Hamburgo,6
2065,50001234,n,UEFA,2
2066,05367872,n,confrontación,1
2067,50004938,n,Riazor,4
2068,05572641,n,molestia,2
2069,05535152,n,rotación,1
2070,07009894,n,camerunés,1
2071,06354766,n,derecha,1
2072,06355123,n,izquierda,2
2073,00382624,n,vocación,3
2074,00089324,n,saque,1
2075,06299371,n,esquina,1
2076,00131763,n,paso,1
2077,10978183,n,velocidad,4
2078,00023118,n,contacto,1
2079,05468143,n,choque,1
2080,05611552,n,agresividad,1
2081,06007767,n,fabricante,4
2082,04501544,n,modelo,7
2083,04514703,n,división,2
2084,06004802,n,gigante,4
2085,07716470,n,Ford,3
2086,00039700,n,pérdida,3
2087,00046246,n,adquisición,1
2088,00155548,n,lanzamiento,2
2089,04488073,n,pista,1
2090,07273905,n,jefe,1
2091,00707799,n,cambio,2
2092,09849100,n,libra,3
2093,09553349,n,coste,5
2094,09602953,n,cotización,7
2095,07240707,n,empleado,5
2096,00657384,n,continuación,1
2097,10054265,n,existencia,5
2098,07766144,n,efecto,10
2099,03763706,n,extrañeza,1
2100,04013196,n,viabilidad,3
2101,00047517,n,adquisición,3
2102,02874141,n,todoterreno,2
2103,09537885,n,beneficio,12
2104,04381279,n,tradición,3
2105,03972175,n,dimensión,1
2106,02662271,n,planta,8
2107,05394487,n,rumor,2
2108,10972097,n,descanso,2
2109,03711689,n,ventaja,2
2110,07165214,n,compañero,4
2111,06583156,n,Ciudad_Condal,1
2112,04027354,n,importancia,1
2113,03997743,n,altura,2
2114,05559442,n,bonanza,1
2115,00226363,n,recorte,3
2116,09594954,n,déficit,2
2117,07019437,n,francés,6
2118,05675891,n,pastel,1
2119,05396507,n,promesa,4
2120,09539544,n,PIB,2
2121,09548059,n,bote,2
2122,04010041,n,rebaja,1
2123,09587044,n,IVA,3
2124,50001080,n,guiño,2
2125,06335649,n,capa,1
2126,10345580,n,coalición,3
2127,00232245,n,retención,2
2128,00036443,n,récord,5
2129,50001549,n,Jacques_Chirac,1
2130,00228800,n,alivio,1
2131,07670539,n,votante,4
2132,05978135,n,clase,1
2133,00691229,n,intervención,3
2134,07598298,n,telespectador,4
2135,50000088,n,envite,1
2136,07479791,n,actor,1
2137,04730468,n,medio,3
2138,05596742,n,regocijo,1
2139,03771292,n,mérito,2
2140,00020461,n,fenómeno,1
2141,10338400,n,impaciencia,2
2142,50000355,n,agujero,1
2143,02427713,n,arca,1
2144,00760227,n,"alizedlemma=""golpe_de_timón",4
2145,02814667,n,timón,1
2146,03648054,n,talante,1
2147,07207955,n,repartidor,1
2148,50001549,n,Chirac,1
2149,04733874,n,canal,14
2150,00820041,n,viraje,1
2151,05430439,n,despido,1
2152,00132311,n,oposición,4
2153,10092681,n,inmovilismo,1
2154,09572926,n,propina,1
2155,05670563,n,migaja,1
2156,03788750,n,tacañería,1
2157,03217207,n,fondo,8
2158,09616555,n,dinero,1
2159,04783598,n,titular,3
2160,06125183,n,cohorte,1
2161,10110870,n,cólera,1
2162,04310435,n,brazo,1
2163,10340224,n,atolladero,1
2164,00795713,n,favor,1
2165,10341471,n,reconocimiento,1
2166,06491155,n,Bélgica,6
2167,07426815,n,figura,1
2168,00683061,n,estancia,3
2169,05540966,n,inauguración,2
2170,06333091,n,interior,1
2171,02405099,n,catedral,2
2172,02656657,n,paño,1
2173,09725303,n,florecimiento,1
2174,03472088,n,tapiz,2
2175,00654309,n,colección,2
2176,04401513,n,sucesor,1
2177,06490952,n,Flandes,1
2178,05456618,n,nacimiento,2
2179,07498573,n,príncipe,2
2180,07240288,n,emperador,1
2181,06789983,n,río,4
2182,09999242,n,triángulo,1
2183,07130551,n,burgomaestre,1
2184,03080096,n,palacio,1
2185,03524562,n,ayuntamiento,1
2186,10873520,n,mayoría,1
2187,10869347,n,edad,3
2188,06725562,n,"alizedlemma=""subida_al_trono",1
2189,03499424,n,trono,2
2190,00187446,n,paseo,1
2191,04975688,n,saludo,1
2192,07830260,n,lluvia,3
2193,06348591,n,recorrido,7
2194,02366126,n,café,1
2195,05630599,n,tentempié,2
2196,07418484,n,monseñor,1
2197,07114010,n,obispo,1
2198,06333215,n,interior,2
2199,02180600,n,retablo,1
2200,03079051,n,pintura,4
2201,02206447,n,arquitectura,1
2202,03135441,n,templo,2
2203,03316835,n,escudo,1
2204,07358345,n,caballero,1
2205,02898427,n,laboratorio,4
2206,03564977,n,vacuna,2
2207,10164455,n,hepatitis,2
2208,10121017,n,desorden,1
2209,00173090,n,reconstrucción,1
2210,04087702,n,tejido,1
2211,04412425,n,detección,1
2212,10129713,n,enfermedad,1
2213,00602398,n,excavación,5
2214,09530909,n,finca,3
2215,06060479,n,FBI,6
2216,05090749,n,indicio,2
2217,06729656,n,fosa,1
2218,02609065,n,droga,4
2219,03211863,n,rancho,2
2220,07651133,n,procurador,1
2221,10877537,n,víspera,1
2222,00098007,n,hallazgo,1
2223,05611680,n,beligerancia,1
2224,07513476,n,narcotraficante,2
2225,03742595,n,totalidad,1
2226,05087726,n,cartel,1
2227,04780613,n,alias,1
2228,07451003,n,señor,1
2229,05369177,n,controversia,1
2230,06117068,n,círculo,1
2231,05050688,n,explicación,2
2232,06048623,n,ministerio,1
2233,00159874,n,avance,1
2234,04624523,n,medicina,2
2235,00508925,n,tarea,1
2236,02463642,n,cocaína,2
2237,00428474,n,vigilancia,3
2238,07597405,n,especialista,1
2239,07224985,n,dibujante,1
2240,00091972,n,manejo,4
2241,04663525,n,informática,1
2242,05539741,n,ceremonia,6
2243,00028092,n,repatriación,1
2244,06650508,n,Hanoi,3
2245,03736155,n,probabilidad,1
2246,00098205,n,detección,1
2247,00152038,n,desactivación,1
2248,06780265+10649338,n,suelo,2
2249,00686073,n,suministro,1
2250,05152743,n,identificación,1
2251,04468129,n,prueba,1
2252,10639854,n,ADN,1
2253,07393440,n,mandatario,2
2254,08432637,n,arroz,2
2255,06294952,n,afueras,1
2256,07147424,n,héroe,1
2257,05360924,n,directiva,13
2258,04879006,n,pasaporte,2
2259,04922001,n,autorización,4
2260,50000981,n,eurodiputado,3
2261,00811999,n,enmienda,4
2262,00609454,n,comercialización,2
2263,00814731,n,emisión,1
2264,00564770,n,revisión,2
2265,09637132,n,depósito,4
2266,09562992,n,participación,1
2267,00128403,n,diversificación,1
2268,04758399,n,derivado,1
2269,03723223,n,liquidez,1
2270,09921347,n,límite,3
2271,04833775,n,folleto,1
2272,05167497,n,idioma,2
2273,04974571,n,acogida,1
2274,03994905,n,gama,2
2275,05053336,n,solución,1
2276,06441624,n,Estocolmo,1
2277,02488140,n,conexión,1
2278,04728391,n,trasmisión,1
2279,05321079,n,voz,1
2280,00734610,n,dirección,2
2281,00685930,n,logística,1
2282,03795559,n,manejo,1
2283,07273778,n,jefa,1
2284,04930290,n,programa,5
2285,07143984,n,proveedor,1
2286,07128451,n,socio,3
2287,00055481,n,recepción,1
2288,03431817,n,estructura,1
2289,09643911,n,corona,1
2290,04468129,n,experimento,10
2291,07485319,n,oficial,1
2292,06268839,n,área,3
2293,06424551,n,América_Central,1
2294,06837221,n,América_del_Sur,1
2295,10411732,n,jurisdicción,1
2296,06811410,n,Golfo_de_México,2
2297,07166351,n,coronel,1
2298,00469856,n,ejercicio,3
2299,10848167,n,presente,3
2300,04014700,n,capacidad,2
2301,10409482,n,contexto,4
2302,04707697,n,enfoque,1
2303,02215337,n,arma,1
2304,04563224,n,doctrina,2
2305,10428546,n,amenaza,2
2306,07429701,n,vecino,1
2307,03279411,n,escala,1
2308,03995027,n,espectro,3
2309,06165226,n,aliado,1
2310,06088783,n,enemigo,1
2311,03560722,n,uniforme,1
2312,06095787,n,división,1
2313,06057154,n,CIA,1
2314,00757904,n,confrontación,1
2315,06569598,n,Unión_Soviética,2
2316,05399705,n,desafío,1
2317,09711339,n,proliferación,2
2318,00141128,n,destrucción,1
2319,00458627,n,recolección,1
2320,03970206,n,diseminación,1
2321,00458627,n,recogida,1
2322,05596663,n,triunfo,3
2323,50001156,n,hooligan,2
2324,07013390,n,inglés,2
2325,09985988,n,plano,2
2326,00792210,n,comportamiento,3
2327,04867079,n,punto,2
2328,05599226,n,orgullo,1
2329,10360525,n,vergüenza,1
2330,03874115,n,brillo,1
2331,03648054,n,carácter,4
2332,10075224,n,espíritu,1
2333,10257548,n,herida,3
2334,00688424,n,espera,1
2335,07288141,n,autor,6
2336,03653606,n,vida,1
2337,04290247,n,cabeza,4
2338,03534870,n,peldaño,2
2339,00326232,n,apuesta,3
2340,05406019,n,charla,1
2341,00747433,n,discriminación,1
2342,00721000,n,empeño,2
2343,10391467,n,oportunidad,1
2344,04428566,n,tasa,2
2345,10063667,n,desempleo,4
2346,04021143,n,desventaja,2
2347,05439829,n,consecuencia,1
2348,10039041,n,utopía,1
2349,04953198,n,referente,1
2350,09586410,n,tarifa,1
2351,04959044,n,despropósito,2
2352,03754286,n,lógica,1
2353,09726045,n,consumo,3
2354,09728272,n,deflación,1
2355,03813670,n,verdad,2
2356,06161024,n,FAO,4
2357,06217164,n,instituto,1
2358,10801135,n,almidón,7
2359,03848700,n,propiedad,1
2360,04843693,n,atlas,1
2361,06674828,n,partícula,1
2362,10699255,n,hidrato,1
2363,10482489,n,carbono,1
2364,09626584,n,reserva,1
2365,50002072,n,vegetal,1
2366,06317219,n,cultivo,3
2367,08448511,n,trigo,1
2368,08450110,n,maíz,1
2369,05749669,n,patata,1
2370,05668540,n,mandioca,1
2371,08882567,n,palmera,1
2372,10801821,n,sagú,1
2373,00588408,n,cultivo,1
2374,00157100,n,cocción,1
2375,00517535,n,retención,1
2376,10738422,n,aceite,2
2377,02684043,n,horno,1
2378,05638174,n,sopa,3
2379,05862019,n,salsa,1
2380,04415246,n,aroma,1
2381,05667663,n,crema,1
2382,10763217,n,polvo,1
2383,10539406,n,adhesivo,1
2384,00715519,n,construcción,1
2385,06352837,n,sitio,6
2386,00499179,n,robo,5
2387,07633674,n,técnico,4
2388,00499179,n,sustracción,1
2389,04867981,n,noticia,5
2390,02984419,n,memoria,1
2391,00213518,n,movimiento,3
2392,07501398,n,detective,1
2393,00182992,n,marcha,1
2394,07625454,n,sospechoso,1
2395,04992436,n,control,4
2396,03984543,n,aumento,4
2397,00095872,n,fijación,1
2398,05477756,n,ola,1
2399,02929916,n,nudo,1
2400,02662271,n,fábrica,8
2401,03925610,n,peso,1
2402,07646824,n,comerciante,1
2403,03679828,n,responsabilidad,4
2404,05888112,n,azúcar,2
2405,05837941,n,arroz,1
2406,02559468,n,detergente,1
2407,02981307,n,medicina,1
2408,07437315,n,monja,1
2409,03231387,n,tanque,1
2410,03078466,n,pintura,1
2411,05385957,n,queja,1
2412,00687245,n,pérdida,2
2413,10860945,n,valor,1
2414,09865073,n,sucre,1
2415,09639977,n,moneda,6
2416,07055488,n,indígena,1
2417,09607414,n,especulación,3
2418,04485374,n,justificación,2
2419,00134568,n,renuncia,1
2420,10048361,n,poder,3
2421,05045355,n,aseveración,1
2422,10055199,n,realidad,2
2423,00190535,n,carrera,1
2424,06453262,n,Troya,1
2425,04729537,n,mensaje,1
2426,00408411,n,labor,3
2427,00419850,n,análisis,2
2428,09586410,n,arancel,3
2429,00556773,n,paso,1
2430,00721243,n,importación,1
2431,10446867,n,materia,2
2432,05615380,n,bondad,1
2433,02560468,n,aparato,1
2434,07123010,n,pugilista,1
2435,02525897,n,corona,14
2436,07049078,n,venezolano,1
2437,07123010,n,púgil,2
2438,05991008,n,categoría,7
2439,00615322,n,riña,1
2440,02576333,n,discoteca,1
2441,00743956,n,custodia,1
2442,09975346,n,segundo,1
2443,02525897,n,diadema,1
2444,09911225,n,mínimo,3
2445,09824246,n,dólar,14
2446,06227059,n,banco,12
2447,06390652,n,tendencia,3
2448,09867130,n,yen,3
2449,05590744,n,nerviosismo,1
2450,06171035,n,consejo,1
2451,04009070,n,encarecimiento,1
2452,07234388,n,economista,2
2453,06630544,n,Wall_Street,1
2454,06250108,n,corriente,1
2455,05598089,n,cercanía,1
2456,05051484,n,porqué,1
2457,03296757,n,segmento,1
2458,07793357,n,electricidad,2
2459,03750382,n,seguridad,1
2460,07344878,n,inversionista,1
2461,10089455,n,corriente,1
2462,03935946,n,fragilidad,1
2463,10377620,n,imperfección,1
2464,04027354,n,repercusión,2
2465,07768053,n,impacto,5
2466,02636015,n,"alizedlemma=""por_extensión",1
2467,04519159,n,ley,2
2468,00419850,n,inspección,2
2469,09566341,n,indemnización,1
2470,02543063,n,podio,4
2471,09975682,n,tercero,1
2472,06619276,n,Detroit,2
2473,07008709,n,brasileño,6
2474,06338089,n,línea,3
2475,06318648,n,meta,5
2476,07010005,n,canadiense,5
2477,05521421,n,hito,2
2478,04400680,n,equivalente,4
2479,09976798,n,duodécimo,1
2480,09891488,n,tercio,1
2481,03148924,n,neumático,1
2482,00191531,n,vuelta,10
2483,00696570,n,detención,1
2484,00283913,n,lucha,4
2485,06636557,n,Oregón,1
2486,00305357,n,balonmano,3
2487,10159752,n,gripe,1
2488,07480903,n,jugadora,58
2489,05564290,n,aspiración,4
2490,07786705,n,helada,5
2491,00655017,n,cosecha,9
2492,05948716,n,café,20
2493,09538207,n,ingreso,8
2494,07535673,n,competidor,3
2495,09827092,n,centavo,2
2496,07010741,n,centroamericano,1
2497,07068497,n,cultivador,5
2498,07253113,n,exportador,4
2499,05570169,n,tranquilidad,1
2500,09912045,n,saco,4
2501,05467031,n,variación,1
2502,05477241,n,ola,2
2503,09994665,n,cono,1
2504,04272719,n,saco,1
2505,06317219,n,plantación,5
2506,00750993,n,estabilización,1
2507,04992880,n,tope,1
2508,06827936,n,Paraná,2
2509,02639315,n,producción,1
2510,05122762,n,espacio,1
2511,04817735,n,blanco,1
2512,02191831,n,antesala,1
2513,09964070,n,este,5
2514,00786502,n,adhesión,1
2515,00462318,n,función,1
2516,00490590,n,crimen,7
2517,06537474,n,La_Haya,3
2518,05437110,n,cosa,3
2519,05057929,n,predicción,1
2520,06469757,n,Belgrado,2
2521,07059160,n,acusado,1
2522,00032335,n,embarque,5
2523,06493672,n,Brasilia,2
2524,04997156,n,ordenamiento,2
2525,03813013,n,volatilidad,1
2526,05149300,n,ejemplo,4
2527,04490016,n,señal,2
2528,04022756,n,inconveniente,1
2529,00229061,n,reducción,1
2530,05009963,n,boletín,1
2531,06346129,n,exterior,1
2532,00234534,n,devaluación,1
2533,00300322,n,rugby,2
2534,00576606,n,ensayo,1
2535,10960792,n,parte,5
2536,06503840,n,Escocia,1
2537,50001541,n,lehendakari,27
2538,05968793,n,puñado,1
2539,03145459,n,pleno,2
2540,04989177,n,interpelación,1
2541,09820398,n,UA,2
2542,50001228,n,EH,12
2543,04544561,n,reacción,4
2544,07588809,n,socialista,16
2545,05356736,n,moción,2
2546,00793932,n,censura,2
2547,02543063,n,tribuna,1
2548,06175506,n,foro,3
2549,07462325,n,nacionalista,4
2550,04386907,n,conciencia,1
2551,10859737,n,continuidad,3
2552,03773162,n,vigencia,1
2553,00763104,n,manifestación,2
2554,05060820,n,premisa,1
2555,00746279,n,pacificación,2
2556,05391158,n,presentación,1
2557,07289774,n,gigante,1
2558,06464469,n,Milán,2
2559,cs2,n,milanista,2
2560,50001157,n,barcelonista,1
2561,05437235,n,episodio,1
2562,05153478,n,muestra,1
2563,03655600,n,ímpetu,1
2564,03779450,n,lucidez,1
2565,04545575,n,corazón,2
2566,00625655,n,ataque,1
2567,05009327,n,crónica,3
2568,04538868,n,táctica,2
2569,10340761,n,dificultad,1
2570,03805464,n,peligrosidad,1
2571,04738466,n,periódico,2
2572,03902140,n,amargor,1
2573,00066813,n,pase,1
2574,00371920,n,"alizedlemma=""saque_de_falta",3
2575,00474548,n,falta,2
2576,03651126,n,ardor,1
2577,05147735,n,sonrisa,2
2578,50001013,n,gallego,1
2579,03933665,n,furia,1
2580,07310971,n,transportista,3
2581,00234220,n,subida,2
2582,10527233,n,gasóleo,2
2583,03709813,n,conveniencia,2
2584,03970585,n,concentración,4
2585,06314762,n,término,1
2586,09993288,n,enlace,1
2587,06082959,n,retención,2
2588,06233475,n,caravana,1
2589,02392360,n,carril,2
2590,03245327,n,calzada,2
2591,09989692,n,polígono,1
2592,02818860,n,autovía,2
2593,03092396,n,paso,1
2594,00458391,n,carga,1
2595,00458521,n,descarga,1
2596,02476046,n,mercancía,1
2597,02490563,n,contenedor,1
2598,10058951,n,ausencia,1
2599,06348048,n,aparcamiento,1
2600,03655835,n,actividad,1
2601,03111639,n,vial,1
2602,09597673,n,importe,3
2603,04880110,n,catastro,1
2604,00727197,n,amortización,2
2605,05546075,n,maratón,4
2606,00569733,n,atletismo,7
2607,06473018,n,Edmonton,1
2608,05636553,n,aperitivo,1
2609,10356224,n,prestigio,4
2610,07541088,n,corredor,2
2611,04484449,n,precedente,2
2612,05115901,n,letra,3
2613,04513036,n,diferencia,2
2614,00212053,n,desliz,1
2615,00771397,n,arbitraje,6
2616,10779108,n,arena,2
2617,02965788,n,mapa,2
2618,07013224,n,británico,3
2619,03468818,n,tanque,1
2620,06778839,n,superficie,1
2621,07025077,n,israelí,1
2622,10433993,n,amputación,1
2623,06499763,n,Leeds,3
2624,06218497,n,expedición,2
2625,05067166,n,salvedad,1
2626,07648253,n,preparador,1
2627,05521978,n,recuperación,3
2628,03973414,n,dimensión,2
2629,50004968,n,Hierro,1
2630,07703440,n,César,1
2631,04018175,n,rentabilidad,2
2632,05479408,n,reducción,1
2633,10943054,n,prórroga,2
2634,02620924,n,alero,1
2635,00571937,n,lección,2
2636,00306597,n,baloncesto,7
2637,02303171,n,tablero,1
2638,00364539,n,asistencia,1
2639,00222172,n,vuelta,1
2640,06135784,n,Partido_Republicano,2
2641,10368281,n,urgencia,2
2642,04860297,n,papeleta,1
2643,02824094,n,agujero,1
2644,07177209,n,congresista,1
2645,00618075,n,revolución,1
2646,02638575,n,recinto,5
2647,09964545,n,sureste,3
2648,06010742,n,bastión,1
2649,05344204,n,audiencia,1
2650,05046324,n,argumento,1
2651,00100102,n,certificación,1
2652,04966985,n,telenovela,3
2653,05224721,n,español,2
2654,06493968,n,Río_de_Janeiro,3
2655,04960631,n,producción,6
2656,04497422,n,versión,2
2657,04787112,n,traducción,1
2658,04821096,n,capítulo,2
2659,09531801,n,accionariado,2
2660,03017435,n,motor,2
2661,04964487,n,espectáculo,1
2662,04735661,n,cine,3
2663,02851340,n,implantación,1
2664,06008236,n,negocio,5
2665,04745188,n,televisión,1
2666,04729231,n,divulgación,1
2667,07081299,n,árbitro,1
2668,06423230,n,Bogotá,1
2669,07602661,n,aficionado,3
2670,05067461,n,comentario,1
2671,03717609,n,superioridad,1
2672,05990251,n,conjunto,1
2673,09743770,n,sinergia,1
2674,50004207,n,vespertino,1
2675,00700147,n,asociación,3
2676,05013621,n,autorización,3
2677,05364269,n,beneplácito,2
2678,06163641,n,federación,1
2679,05438448,n,fin,1
2680,04543461,n,principio,5
2681,00174193,n,degradación,1
2682,10946199,n,verano,5
2683,09537452,n,cesión,1
2684,09894800,n,uno,2
2685,02510690,n,pista,4
2686,06602598,n,Sacramento,1
2687,03731027,n,diferencia,1
2688,03948579,n,velocidad,2
2689,03100005,n,pedestal,1
2690,03741315,n,manía,1
2691,03764763,n,excentricidad,1
2692,07293144,n,dios,1
2693,00289269,n,"alizedlemma=""estar_en_juego",11
2694,05057286,n,programa,3
2695,01919213,n,gacela,4
2696,00027910,n,vuelta,2
2697,10042358,n,escena,1
2698,00135937,n,ostracismo,1
2699,04446693,n,símbolo,4
2700,05020360,n,laurel,1
2701,03333741,n,cara,2
2702,09642587,n,moneda,2
2703,10358202,n,fama,1
2704,10357455,n,anonimato,1
2705,04340595,n,cara,4
2706,03597250,n,foso,1
2707,03995742,n,longitud,2
2708,07515745,n,reina,1
2709,03844605,n,aire,1
2710,10356224,n,grandeza,1
2711,00604336,n,busca,2
2712,00076072,n,salto,3
2713,04491038,n,espina,1
2714,07641846,n,tigre,1
2715,05616059,n,perdón,1
2716,04046013,n,dominio,1
2717,05181079,n,caribeño,1
2718,10375193,n,plenitud,2
2719,06373203,n,aire,1
2720,05427114,n,incógnita,1
2721,03791653,n,competitividad,1
2722,03790844,n,iniciativa,1
2723,07065373,n,consejero,1
2724,06088087,n,unidad,2
2725,00261111,n,proyección,1
2726,00256334,n,conversión,1
2727,10363824,n,monopolio,2
2728,09931775,n,conexión,1
2729,04537669,n,fiscalidad,1
2730,04306040,n,espalda,2
2731,03992325,n,límite,4
2732,04699267,n,entendimiento,6
2733,03730389,n,coincidencia,5
2734,05375316,n,insistencia,1
2735,05340304,n,detalle,1
2736,02222181,n,accesorio,2
2737,04673837,n,política,7
2738,03830857,n,cautela,2
2739,10080443,n,"alizedlemma=""con_independencia_de",5
2740,05297733,n,articulación,1
2741,03809479,n,determinación,1
2742,03779450,n,claridad,2
2743,06684175,n,parte,1
2744,05341816,n,expresión,1
2745,00384174,n,tarea,3
2746,00502000,n,chantaje,1
2747,50000980,n,independentista,1
2748,04911144,n,prohibición,3
2749,07165993,n,universitario,1
2750,06282882,n,campus,1
2751,10063906,n,orden,1
2752,02480510,n,recinto,1
2753,10362727,n,dominio,1
2754,06243405,n,dictadura,2
2755,06000383,n,régimen,3
2756,07039836,n,taiwanés,1
2757,04518763,n,principio,3
2758,07637507,n,amenaza,1
2759,05411950,n,circular,1
2760,05531291,n,brote,1
2761,10088572,n,inestabilidad,1
2762,10110870,n,ira,2
2763,06419812,n,Shanghai,1
2764,06419986,n,Cantón,1
2765,02347413,n,edificio,4
2766,07617015,n,estudiante,1
2767,04569663,n,teoría,1
2768,00245609,n,reunificación,2
2769,00610417,n,acción,1
2770,00619159,n,combate,1
2771,10110557,n,alerta,1
2772,04822648,n,conclusión,2
2773,03516946,n,instrumento,1
2774,06449521,n,Helsinki,3
2775,04706356,n,reorientación,1
2776,00115902,n,recurso,1
2777,00480876,n,violación,1
2778,10082493,n,libertad,1
2779,00019671,n,comunicación,1
2780,06558971,n,Lisboa,2
2781,03814900,n,honor,1
2782,50001213,n,UCD,2
2783,03726488,n,similitud,1
2784,00573721,n,seminario,1
2785,04711005,n,constitucionalismo,1
2786,05364269,n,consenso,3
2787,04476782,n,tradición,1
2788,04844438,n,redacción,1
2789,00247097,n,ruptura,1
2790,06748290,n,iceberg,1
2791,00361442,n,follón,1
2792,05399907,n,reto,2
2793,06070449,n,cámara,2
2794,04568216,n,esperanza,5
2795,00157011,n,reanudación,1
2796,07031030,n,marroquí,5
2797,05601181,n,descuido,1
2798,04592006,n,inexperiencia,1
2799,50005904,n,juego,1
2800,07006421,n,australiano,5
2801,07217388,n,discípulo,1
2802,05390033,n,revelación,1
2803,03791478,n,agresividad,1
2804,50001015,n,madrileño,1
2805,00369708,n,golpe,3
2806,09976362,n,octavo,1
2807,04506619,n,"alizedlemma=""llamar_la_atención",2
2808,03400787,n,grada,3
2809,07291392,n,novia,2
2810,00120175,n,desempate,1
2811,03200805,n,raqueta,1
2812,02699889,n,suelo,1
2813,00362034,n,arranque,1
2814,00489929,n,ira,1
2815,06696175,n,cristal,1
2816,03543694,n,trofeo,1
2817,07038756,n,sueco,1
2818,00266805,n,camino,6
2819,05206977,n,checo,1
2820,10646827,n,aliento,1
2821,10312817,n,moral,1
2822,03807992,n,cinismo,1
2823,10363684,n,monopolio,1
2824,05412651,n,fomento,2
2825,00726835,n,remuneración,1
2826,09984639,n,modificación,1
2827,02618194,n,vivienda,2
2828,04982330,n,IPC,1
2829,07057368,n,cómplice,2
2830,02724512,n,voladura,1
2831,07469314,n,responsable,1
2832,06073126,n,pueblo,7
2833,07637655,n,terrorista,3
2834,07423684,n,asesino,1
2835,10454185,n,plástico,1
2836,03928263,n,poder,2
2837,03827814,n,dignidad,1
2838,02356526,n,autobús,2
2839,06370070,n,lado,2
2840,02814163,n,helicóptero,2
2841,07065373,n,asesor,3
2842,09618784,n,fisco,1
2843,07062359,n,destinatario,1
2844,09545388,n,regalo,1
2845,10034299,n,coyuntura,1
2846,04790774,n,código,1
2847,03037597,n,malla,1
2848,00198268,n,despegue,1
2849,00197419,n,aterrizaje,1
2850,00262937,n,"alizedlemma=""permiso_de_operación",4
2851,04511080,n,suma,1
2852,00233991,n,adición,1
2853,10046803,n,circunstancia,2
2854,00234534,n,depreciación,1
2855,10087814,n,equilibrio,1
2856,00426345,n,cuenta,4
2857,05438613,n,"alizedlemma=""cuenta_de_resultados",10
2858,05097671,n,cifra,6
2859,04438520,n,estudio,2
2860,06537161,n,Amsterdam,4
2861,07451379,n,propietaria,1
2862,00266805,n,"alizedlemma=""en_el_buen_camino",5
2863,06351684,n,punto,2
2864,04025970,n,magnitud,1
2865,06155115,n,flota,1
2866,03828648,n,arrogancia,3
2867,02473776,n,columna,4
2868,10884479,n,mediodía,1
2869,00018376,n,posesión,1
2870,07496298,n,rector,2
2871,50004753,n,País_Vasco,7
2872,09760381,n,pluralidad,3
2873,06152585,n,cultura,8
2874,03734192,n,abismo,1
2875,04495746,n,idea,2
2876,04492484,n,pensamiento,2
2877,04703628,n,intolerancia,2
2878,03828648,n,soberbia,1
2879,03776178,n,grandeza,2
2880,03828648,n,hinchazón,1
2881,02865563,n,invento,1
2882,00014045,n,sentimiento,4
2883,05607724,n,amor,1
2884,04373072,n,vista,1
2885,04533237,n,fantasma,2
2886,04319321,n,rodilla,5
2887,07627301,n,pelotero,2
2888,10020481,n,mella,1
2889,07641053,n,lanzador,5
2890,04307856,n,pierna,2
2891,00574902,n,ejercicio,2
2892,00742153,n,calentamiento,1
2893,00436664,n,intervención,1
2894,06730089,n,bache,1
2895,10641843,n,diamante,1
2896,00103904,n,invitación,1
2897,03057715,n,abridor,3
2898,10279078,n,dolor,1
2899,09754102,n,degeneración,1
2900,02578428,n,disco,2
2901,05949748,n,ponche,1
2902,03225816,n,asilo,12
2903,07012012,n,cubano,1
2904,07471310,n,peticionario,1
2905,00660718,n,procedimiento,2
2906,00684012,n,parada,1
2907,07157546,n,ciudadano,3
2908,07208339,n,solicitante,4
2909,05365792,n,resolución,3
2910,05382817,n,denegación,1
2911,07479791,n,demandante,1
2912,00211639,n,retorno,2
2913,03092682,n,galería,1
2914,02240791,n,pelota,1
2915,07022905,n,hondureño,3
2916,02734380,n,galería,2
2917,03127593,n,almohadilla,1
2918,02374411,n,lata,1
2919,10944012,n,segundo,7
2920,00472484,n,invasión,2
2921,00066170,n,lanzamiento,3
2922,03698738,n,claridad,1
2923,06315687,n,inmediaciones,1
2924,00366105,n,pase,1
2925,03790984,n,ambición,1
2926,10042115,n,pesadilla,1
2927,10364817,n,tranquilidad,2
2928,50001074,n,mallorquín,1
2929,00696321,n,distracción,1
2930,10075224,n,ánimo,3
2931,02936896,n,vestuario,1
2932,04698475,n,dirección,2
2933,10385774,n,fracaso,1
2934,03988194,n,penuria,1
2935,04591399,n,desencanto,2
2936,06081960,n,masa,4
2937,00741673,n,planificación,2
2938,07469314,n,culpable,1
2939,06491971,n,Brujas,3
2940,04494228,n,concepción,1
2941,00797364,n,respeto,1
2942,03850307,n,alusión,1
2943,00029961,n,retirada,2
2944,04888919,n,pedido,1
2945,00690488,n,aplazamiento,3
2946,00690335,n,postergación,1
2947,05383289,n,no,1
2948,00426345,n,conteo,1
2949,06820129,n,Ebro,3
2950,50004760,n,comarca,2
2951,50004742,n,Comunidad_Valenciana,2
2952,50000186,n,trasvase,2
2953,00178992,n,riego,1
2954,05529326,n,goteo,1
2955,00606110,n,abuso,2
2956,05052528,n,excusa,1
2957,06283651,n,cuenca,1
2958,04536390,n,diseño,1
2959,04516911,n,conjunto,4
2960,00758807,n,pelea,20
2961,03925830,n,peso,4
2962,04003707,n,mérito,1
2963,09999084,n,cuadrilátero,4
2964,06623344,n,Las_Vegas,2
2965,06622934,n,Nevada,1
2966,00282787,n,boxeo,4
2967,04311659,n,puño,1
2968,04360292,n,destreza,1
2969,03929458,n,aguante,1
2970,02277537,n,campana,2
2971,04341235,n,rostro,1
2972,10258725,n,corte,1
2973,04093209,n,pómulo,1
2974,04019243,n,control,1
2975,05126973,n,interrogante,2
2976,00772379,n,veredicto,1
2977,09768132,n,puntuación,1
2978,07381843,n,perdedor,1
2979,00045686,n,caída,2
2980,00072619,n,empujón,2
2981,04311998,n,izquierda,2
2982,07123010,n,boxeador,3
2983,02379828,n,lona,2
2984,10019436,n,borde,2
2985,09984465,n,contrario,1
2986,04311787,n,derecha,2
2987,00087361,n,gancho,1
2988,10326963,n,delirio,1
2989,01411980,n,pluma,2
2990,07063122,n,ejecutivo,1
2991,50001209,n,CDC,8
2992,00118483,n,reelección,6
2993,50001189,n,ejecutiva,3
2994,06167708,n,consejo,2
2995,09948157,n,sintonía,1
2996,06168957,n,congreso,7
2997,00614914,n,pugna,1
2998,50001210,n,UDC,1
2999,00050836,n,sucesión,1
3000,05582358,n,sorpresa,1
3001,06659860,n,razón,5
3002,50001567,n,Pujol,1
3003,00796865,n,gesto,2
3004,04700027,n,predisposición,1
3005,00816340,n,liderazgo,2
3006,07766144,n,"alizedlemma=""golpe_de_efecto",7
3007,04389192,n,sensibilidad,4
3008,05284976,n,estudio,1
3009,00061322,n,"mplementación""/>",1
3010,07341904,n,interlocutor,1
3011,00061811,n,ejecución,1
3012,06946373,n,artista,3
3013,05043559,n,manifiesto,8
3014,05539623,n,celebración,1
3015,05143484,n,mezzosoprano,1
3016,05256519,n,teatro,2
3017,07453414,n,pintor,1
3018,07689380,n,escritor,1
3019,06957738,n,trabajador,2
3020,00402867,n,literatura,1
3021,05268918,n,ópera,1
3022,00384174,n,deber,1
3023,04349777,n,poder,1
3024,06389665,n,rumbo,1
3025,06660412,n,causa,1
3026,00099792,n,resolución,1
3027,50000463,n,guerrilla,1
3028,05012271,n,garantía,1
3029,10049911,n,condición,1
3030,07575902,n,firmante,1
3031,03030428,n,estupefaciente,2
3032,04639880,n,ecología,1
3033,06944789,n,creador,1
3034,07468258,n,intérprete,1
3035,06949872,n,intelectual,1
3036,02213100,n,arte,3
3037,07154837,n,hijo,1
3038,00531481,n,custodia,1
3039,06728884,n,hueco,2
3040,02824094+10024987,n,agujero,1
3041,10391801,n,intento,1
3042,04047544,n,eficacia,1
3043,07198793,n,zar,1
3044,10024987,n,agujero,1
3045,00573978,n,conferencia,1
3046,04494358,n,noción,2
3047,09978973,n,escala,2
3048,04674380,n,economía,1
3049,04406962,n,"alizedlemma=""llamar_la_atención",1
3050,10346799,n,coherencia,1
3051,06162704,n,Fondo_Monetario_Internacional,2
3052,06162704,n,FMI,3
3053,04459519,n,consideración,1
3054,07132046,n,empresario,2
3055,07216683,n,diplomático,5
3056,07677301,n,peso_wélter,4
3057,06435726,n,Trinidad,8
3058,05424170,n,cetro,1
3059,07050584,n,ghanés,1
3060,07059664,n,ganador,1
3061,09924828,n,"alizedlemma=""relaciones_públicas",1
3062,10075968,n,satisfacción,1
3063,05153478,n,demostración,1
3064,10430808,n,forma,2
3065,03753074,n,credibilidad,1
3066,07125224,n,peleador,1
3067,09876449,n,wélter,1
3068,09639711,n,dinero,5
3069,00741877,n,programación,1
3070,05442564,n,sorpresa,3
3071,07729826,n,Santiago,5
3072,06893775,n,diablo,1
3073,07033035,n,paraguayo,1
3074,03152394,n,palo,1
3075,07023235,n,holandés,2
3076,00135765,n,expulsión,1
3077,04350992,n,inteligencia,2
3078,07048970,n,uruguayo,1
3079,10506249,n,U,1
3080,02239622,n,volante,1
3081,09637675,n,cheque,1
3082,04401608,n,seguridad,3
3083,01627543,n,zorro,1
3084,06391772,n,desierto,1
3085,09552350,n,descuento,1
3086,02479780,n,integrante,2
3087,00582602,n,rodaje,1
3088,50004754,n,La_Rioja,1
3089,03823941,n,disciplina,1
3090,04589992,n,experiencia,1
3091,07184376,n,correligionario,1
3092,00569013,n,primaria,5
3093,06600545,n,Arizona,6
3094,07524377,n,reformador,1
3095,07088497,n,astronauta,1
3096,50000119,n,credencial,1
3097,03149229,n,bolsillo,1
3098,10955141,n,era,2
3099,04955371,n,lección,2
3100,07476871,n,piloto,1
3101,07500774,n,prisionero,2
3102,05652359,n,caramelo,1
3103,03124442,n,almohada,1
3104,04322123,n,talón,1
3105,03716446,n,madera,1
3106,03705476,n,dificultad,1
3107,07645824,n,ciudadano,2
3108,07048061,n,tejano,1
3109,07167525,n,titán,1
3110,07169294,n,comentarista,1
3111,06381267,n,lugar,1
3112,03932475,n,vigor,1
3113,09647041,n,billete,2
3114,04562312,n,creencia,1
3115,00200009,n,trayecto,1
3116,05149395,n,divisa,2
3117,06005430,n,agencia,2
3118,03711014,n,calificación,1
3119,00512734,n,riesgo,1
3120,00729882,n,ejecución,1
3121,03982226,n,capacidad,2
3122,06347803,n,parque,2
3123,05414101,n,dimisión,5
3124,00800661,n,comparecencia,1
3125,04600065,n,eje,1
3126,06071059,n,asamblea,1
3127,50001216,n,UPN,1
3128,03727089,n,unidad,3
3129,00792552,n,territorialidad,1
3130,04494752,n,trazado,1
3131,03619675,n,aerogenerador,1
3132,06196326,n,generación,1
3133,50004755,n,Navarra,1
3134,03933119,n,gravedad,2
3135,03733220,n,mejora,1
3136,00020977,n,consecución,1
3137,07341493,n,insurgente,1
3138,00820277,n,reclutamiento,3
3139,00180278,n,desplazamiento,1
3140,07065692,n,defensor,1
3141,04446932,n,tipificación,1
3142,06950430,n,menor,1
3143,00694910,n,interferencia,1
3144,10374942,n,integridad,3
3145,03658162,n,tolerancia,2
3146,00746480,n,internacionalización,1
3147,05946581,n,refresco,1
3148,00721822,n,distribución,1
3149,04707410,n,luz,1
3150,10091030,n,comportamiento,1
3151,09380644,n,cosecha,2
3152,00647820,n,cuantificación,1
3153,04010532,n,productividad,2
3154,05790861,n,cacao,1
3155,09876941,n,libra,1
3156,00199642,n,viaje,2
3157,09593084,n,tarifa,2
3158,05080369,n,presupuesto,2
3159,06183328,n,Banco_Central,3
3160,02418164,n,sucursal,1
3161,05320427,n,emisión,1
3162,10936586,n,semestre,1
3163,07806319,n,huracán,2
3164,03131514,n,pistola,2
3165,04449762,n,ensoñación,1
3166,05611927,n,rencor,1
3167,10657851,n,abono,1
3168,03821817,n,nacionalismo,1
3169,50001562,n,Adolfo_Suárez,1
3170,10278373,n,grano,2
3171,05069640,n,alusión,2
3172,10086858,n,impotencia,1
3173,03791789,n,militancia,2
3174,05960964,n,enemigo,1
3175,04044520,n,control,1
3176,07128451,n,amiguete,1
3177,50004753,n,Euskadi,2
3178,03239566,n,fusil,1
3179,04704758,n,respeto,2
3180,06224017,n,derecha,2
3181,04570143,n,pensamiento,1
3182,04564824,n,convencimiento,1
3183,09534283,n,bagaje,1
3184,07553014,n,goleador,1
3185,10031939,n,condición,1
3186,50004927,n,El_Sardinero,1
3187,00122890,n,diana,1
3188,50004940,n,Los_Pajaritos,1
3189,06735286,n,abismo,1
3190,05570696,n,respiro,1
3191,00289269,n,"alizedlemma=""terreno_de_juego",8
3192,04345975,n,mente,2
3193,05573285,n,afición,2
3194,00300911,n,béisbol,1
3195,06784465,n,césped,2
3196,07030353,n,mexicano,1
3197,06549637,n,Mónaco,1
3198,06919311,n,Atlas,1
3199,03766226,n,novedad,1
3200,07687635,n,obrero,6
3201,05913023,n,cerveza,1
3202,06306119,n,suburbio,1
3203,00737011,n,dirección,2
3204,02540351,n,bombona,1
3205,00017954,n,colectivo,1
3206,02444973,n,cisterna,1
3207,07233092,n,asalariado,1
3208,03261457,n,ruina,1
3209,09963574,n,noreste,1
3210,10463819,n,ácido,3
3211,00148447,n,liquidación,1
3212,09794447,n,litro,2
3213,10962839,n,reinado,4
3214,07769591,n,motor,3
3215,05149034,n,expresión,3
3216,04408206,n,trauma,1
3217,05392977,n,historia,1
3218,03648811,n,espíritu,2
3219,07770258,n,fortuna,1
3220,04017027,n,influencia,1
3221,04488721,n,estímulo,1
3222,03812111,n,entrega,1
3223,03695127,n,defecto,1
3224,04015246,n,virtud,1
3225,03831455,n,criterio,1
3226,07013083,n,salvadoreño,2
3227,07022584,n,guatemalteco,2
3228,05628419,n,desayuno,1
3229,05768791,n,maíz,13
3230,04500860,n,variedad,6
3231,00091972,n,manipulación,1
3232,00537659,n,consumo,3
3233,10389698,n,imposibilidad,1
3234,07513372,n,proveedor,1
3235,05907863,n,taco,3
3236,05907724,n,tortilla,2
3237,05750902,n,chip,1
3238,05624582,n,harina,4
3239,04372357,n,reacción,1
3240,05471083,n,ciclo,1
3241,03338727,n,silo,2
3242,50005892,n,circuito,1
3243,07404842,n,ejecutivo,1
3244,04497251,n,tipo,2
3245,05343797,n,consulta,1
3246,07451666,n,propietario,1
3247,00585619,n,fabricación,1
3248,02775653,n,protección,1
3249,07991785,n,polen,1
3250,05590744,n,consternación,1
3251,06436978,n,Praga,1
3252,10798812,n,derrame,1
3253,05435659,n,pérdida,2
3254,05575841,n,admiración,1
3255,04890615,n,anales,1
3256,04386097,n,olvido,1
3257,07415674,n,ejemplo,2
3258,05417191,n,"alizedlemma=""punto_de_referencia",1
3259,05446561,n,pesar,2
3260,10261267,n,fractura,1
3261,10044119,n,naturaleza,1
3262,07477849,n,pionero,1
3263,05694720,n,carne,1
3264,03385657,n,asador,1
3265,05571456,n,dolor,1
3266,04549171,n,ídolo,1
3267,07650559,n,tesorero,1
3268,04803389,n,leyenda,2
3269,09571263,n,subsidio,6
3270,50001351,n,compensación,1
3271,05367634,n,desavenencia,1
3272,05361340,n,interpretación,3
3273,05522654,n,perjuicio,1
3274,04021969,n,deficiencia,1
3275,00729882,n,puesta_en_práctica,1
3276,03079051,n,lienzo,4
3277,02199402,n,apartamento,2
3278,04486906,n,verificación,1
3279,00051119,n,patrimonio,1
3280,04883282,n,registro,1
3281,04873270,n,inventario,1
3282,06309630,n,residencia,1
3283,10418829,n,inmunidad,1
3284,00181376,n,aproximación,1
3285,00131763,n,transición,1
3286,04458960,n,síntesis,1
3287,09580808,n,tributo,2
3288,07632088,n,contribuyente,2
3289,09580808,n,gravamen,1
3290,00476851,n,evasión,2
3291,00721552,n,contrabando,2
3292,10420170,n,exención,2
3293,00708190,n,prestación,1
3294,00148356,n,abolición,1
3295,04348442,n,sensatez,1
3296,03827353,n,voracidad,1
3297,05625967,n,alimento,2
3298,05639958,n,caldo,2
3299,10269760,n,síndrome,1
3300,03233732,n,restaurante,2
3301,10429311,n,tensión,1
3302,04105203,n,músculo,1
3303,04296371,n,cuello,1
3304,04422285,n,dolor,2
3305,10302574,n,náusea,1
3306,10311355,n,vahído,1
3307,07328822,n,ama,2
3308,05156002,n,presentación,1
3309,00684853,n,alimentación,1
3310,10350062,n,sazón,1
3311,05573285,n,gusto,1
3312,02835429,n,fonda,1
3313,05626343,n,cocina,1
3314,09614018,n,aval,3
3315,06212906,n,base,2
3316,00427077,n,censo,5
3317,04908212,n,reglamento,4
3318,50004750,n,Galicia,1
3319,06213417,n,asamblea,1
3320,00428745,n,atención,1
3321,03455079,n,piscina,2
3322,03683012,n,aspecto,1
3323,03639249,n,estación,1
3324,03528724,n,tren,2
3325,04893813,n,entrada,1
3326,04893464,n,pase,1
3327,05538537,n,acontecimiento,2
3328,07550370,n,escolar,1
3329,05983828,n,afluencia,1
3330,05058536,n,previsión,1
3331,03327924,n,peso,1
3332,05586720,n,sensación,2
3333,01694570,n,mosca,1
3334,07198489,n,ciclista,4
3335,03428010,n,tramo,3
3336,06390488,n,trazado,2
3337,02361368,n,ronda,1
3338,06314878,n,final,1
3339,06204296,n,compromiso,1
3340,06567899,n,Sudáfrica,5
3341,00778978,n,segregación,1
3342,07307938,n,mestizo,1
3343,06991698,n,indio,1
3344,04405653,n,atención,1
3345,07308708,n,minusválido,1
3346,07234892,n,editor,1
3347,04944010,n,publicación,1
3348,07037787,n,sudafricano,1
3349,05350422,n,eslogan,1
3350,05460141,n,causa,1
3351,04449467,n,pesadilla,1
3352,05306196,n,sigla,1
3353,05209017,n,inglés,1
3354,09708563,n,desarrollo,1
3355,04491717,n,carga,1
3356,09553349,n,costo,1
3357,06407876,n,Angola,3
3358,06058911,n,defensa,1
3359,06403819,n,Namibia,2
3360,06651693,n,Zambia,1
3361,00741201,n,despliegue,1
3362,06818791,n,Congo,3
3363,06424144,n,República_Democrática_del_Congo,1
3364,00617685,n,rebelión,1
3365,06468397,n,Ruanda,1
3366,06592448,n,Uganda,1
3367,00034968,n,envío,1
3368,02815104,n,casco,1
3369,10065609,n,alto_el_fuego,1
3370,07167829,n,beligerante,1
3371,06652018,n,Lusaka,1
3372,06592757,n,Kampala,1
3373,09920569,n,batallón,1
3374,00623965,n,misión,2
3375,06096540,n,batallón,1
3376,07664543,n,vicecanciller,2
3377,50004272,n,ultranacionalista,1
3378,00820543,n,consulta,1
3379,05011384,n,juramento,1
3380,00106381,n,nombramiento,1
3381,04947827,n,revista,3
3382,00369708,n,tirada,1
3383,04948541,n,ejemplar,1
3384,07511548,n,editor,1
3385,07228242,n,conductor,9
3386,00160717,n,limpieza,1
3387,00697202,n,prevención,1
3388,02981307,n,medicamento,1
3389,00715056,n,publicación,1
3390,00810466,n,ingreso,1
3391,00504440,n,contribución,3
3392,50005912,n,reforma,4
3393,50001552,n,Romano_Prodi,1
3394,04983714,n,pista,2
3395,05367055,n,adhesión,1
3396,03999641,n,extensión,1
3397,04986937,n,ratificación,1
3398,05957670,n,humanidad,2
3399,03993027,n,alcance,1
3400,04027354,n,trascendencia,1
3401,04596663,n,ciencia,1
3402,50001554,n,Giulio_Andreotti,1
3403,07199741,n,Dalai_Lama,1
3404,10866466,n,milenio,3
3405,02768416,n,sepultura,1
3406,03874721,n,lustre,1
3407,00021392,n,gesta,1
3408,02937872,n,locomotora,1
3409,10723136,n,madera,1
3410,02308443,n,caldera,1
3411,07208420,n,superhombre,1
3412,00212399,n,derrame,1
3413,10357889,n,honor,1
3414,03793353,n,deportividad,1
3415,03510496,n,tabaco,1
3416,05618089,n,dieta,1
3417,02383458,n,coche,2
3418,03928445,n,resistencia,1
3419,06466797,n,Florencia,1
3420,10866655,n,pasado,1
3421,07288141,n,artífice,1
3422,07398532,n,maestro,1
3423,10123988,n,enfermedad,1
3424,06590158,n,Tailandia,1
3425,06794207,n,catarata,1
3426,03545314,n,camión,1
3427,10034299,n,trance,1
3428,03776178,n,brillantez,1
3429,05601051,n,tristeza,1
3430,03491770,n,telón,1
3431,02693035,n,asta,1
3432,02519252,n,crespón,1
3433,05524865,n,revolución,1
3434,09996637,n,anillo,1
3435,09984290,n,contrario,1
3436,06382213,n,villa,1
3437,04843994,n,enciclopedia,1
3438,07068497,n,agricultor,1
3439,05459005,n,subida,1
3440,00102995,n,manipulación,1
3441,03052755,n,oficina,3
3442,00383807,n,"alizedlemma=""puesto_de_trabajo",1
3443,09657449,n,balance,3
3444,07192423,n,acreedor,1
3445,09639546,n,pensión,1
3446,50004749,n,Castilla_y_León,1
3447,04882005,n,copia,1
3448,09623476,n,cuenta,2
3449,00111383,n,engaño,1
3450,00335147,n,muestra,1
3451,05035082,n,bronca,1
3452,04544110,n,impresión,2
3453,03092682,n,pasillo,2
3454,10112569,n,deseo,1
3455,06056130,n,ejecutivo,1
3456,03118233,n,foto,1
3457,09630898,n,patrón,1
3458,00054061,n,decomiso,1
3459,06120501,n,mafia,1
3460,00176075,n,blanqueo,3
3461,00527379,n,precaución,1
3462,00803600,n,consolidación,1
3463,03676672,n,vigilancia,1
3464,06313922,n,paraíso,1
3465,06514815,n,Teherán,3
3466,07524377,n,reformista,3
3467,09947291,n,restante,2
3468,06218181,n,facción,1
3469,07579801,n,hermana,1
3470,07160442,n,clérigo,1
3471,07526600,n,religioso,1
3472,00475542,n,irregularidad,1
3473,05973473,n,minoría,2
3474,06368526,n,asiento,1
3475,50004957,n,San_Mamés,1
3476,04504775,n,faceta,1
3477,00536039,n,exhalación,1
3478,09628428,n,tesoro,1
3479,05395993,n,aviso,1
3480,00098857,n,designación,1
3481,00289269,n,"alizedlemma=""en_juego",2
3482,06940455,n,candidata,2
3483,06451557,n,Atenas,1
3484,05412919,n,acicate,1
3485,04952374,n,sentido,1
3486,10039715,n,reto,1
3487,03812111,n,constancia,1
3488,03811466,n,perseverancia,1
3489,10375724,n,entusiasmo,1
3490,05604874,n,insatisfacción,1
3491,00755465,n,cambio,1
3492,06169061,n,congreso,3
3493,06833584,n,Blanco,4
3494,03972490,n,medida,1
3495,04582333,n,nominalismo,1
3496,00172698,n,renovación,1
3497,04711303,n,socialdemocracia,1
3498,00742557,n,limitación,1
3499,04997081,n,mandato,1
3500,09983780,n,incompatibilidad,1
3501,50004752,n,Cantabria,1
3502,05918311,n,champán,1
3503,10867147,n,nacimiento,3
3504,03080223,n,palacio,1
3505,03881286,n,amarillo,1
3506,03883954,n,azul,1
3507,03952527,n,forma,1
3508,03430059,n,banda,1
3509,02659695,n,fachada,1
3510,03456767,n,centralita,1
3511,05910868,n,brindis,1
3512,03985255,n,bajada,1
3513,09595129,n,pérdida,1
3514,00730994,n,control,1
3515,03659752,n,paciencia,1
3516,07168436,n,promesa,1
3517,07478795,n,lanzador,2
3518,02256107,n,base,1
3519,07104922,n,bateador,1
3520,00124616,n,carrera,1
3521,09976022,n,quinto,1
3522,10391618,n,oportunidad,2
3523,04528519,n,suposición,1
3524,09668771,n,presupuesto,1
3525,10948329,n,pretemporada,1
3526,06608732,n,Tampa,1
3527,00291414,n,bateo,1
3528,07614031,n,polizón,2
3529,07707173,n,Colón,2
3530,07012722,n,ecuatoriano,4
3531,02388459,n,carga,1
3532,50004542,n,reabastecimiento,1
3533,02336596,n,puente,1
3534,04608966,n,estadística,2
3535,00136174,n,deportación,1
3536,00359430,n,actuación,1
3537,10045044,n,cúspide,1
3538,07451666,n,dueña,1
3539,10476248,n,metal,2
3540,07626469,n,nadador,1
3541,07451003,n,amo,1
3542,10278925,n,parálisis,3
3543,07115645,n,ciego,2
3544,07456242,n,parapléjico,1
3545,05302217,n,compás,1
3546,05275813,n,himno,1
3547,10432352,n,discapacidad,1
3548,07308708,n,discapacitado,4
3549,00206677,n,persecución,1
3550,00759289,n,esgrima,1
3551,00107819,n,"alizedlemma=""a_un_paso",1
3552,03671263,n,reserva,1
3553,07165214,n,colega,2
3554,10351768,n,grado,1
3555,10411732,n,"alizedlemma=""en_funciones",1
3556,00171220,n,arreglo,1
3557,03813378,n,sinceridad,1
3558,04473430,n,comprensión,1
3559,09817383,n,máximo,1
3560,07412658,n,consejera,5
3561,05343252,n,"alizedlemma=""conferencia_de_prensa",2
3562,00735486,n,tratamiento,1
3563,03743329,n,complejidad,1
3564,03808136,n,valor,1
3565,03190105,n,monedero,1
3566,09573530,n,giro,1
3567,09611330,n,anticipo,1
3568,06209853,n,efectivo,1
3569,03620585,n,ventanilla,1
3570,09725817,n,demanda,1
3571,07348907,n,mayorista,1
3572,06366311,n,campo,1
3573,07572257,n,tendero,1
3574,07635964,n,arrendatario,1
3575,10395766,n,cuenta,1
3576,07497477,n,cura,1
3577,07497477,n,sacerdote,1
3578,03663574,n,seriedad,1
3579,05010715,n,informativo,1
3580,06368045,n,paisaje,1
3581,05435037,n,pronóstico,1
3582,07208687,n,demócrata,1
3583,07180193,n,constitucionalista,1
3584,09613349,n,hipoteca,1
3585,00109256,n,maniobra,1
3586,50001028,n,vasco,1
3587,10945693,n,otoño,1
3588,07058678,n,contable,2
3589,10984524,n,turno,1
3590,05409439,n,objeción,1
3591,00399744,n,profesión,2
3592,04348269,n,ojo,1
3593,07084724,n,marchante,1
3594,07078395,n,anticuario,1
3595,02399870,n,casino,1
3596,03256946,n,borrador,1
3597,07138865,n,jefe,4
3598,07409291,n,activista,2
3599,00751324,n,pena,3
3600,07211076,n,lugarteniente,3
3601,07534788,n,cabecilla,1
3602,09965562,n,suroeste,1
3603,03842880,n,rebeldía,5
3604,04857759,n,sumario,2
3605,50004913,n,Palma_de_Mallorca,1
3606,07128451,n,compañera,1
3607,00035534,n,cumplimiento,1
3608,00745780,n,privación,1
3609,04327322,n,muñeca,1
3610,07220340,n,doctor,3
3611,04110079,n,ligamento,2
3612,07220340,n,médico,2
3613,05525495,n,degeneración,1
3614,10129713,n,patología,1
3615,09718984,n,recuperación,2
3616,10687788,n,bálsamo,2
3617,02819675,n,bisagra,2
3618,03682408,n,rigor,1
3619,10316846,n,sensatez,1
3620,03860186,n,composición,2
3621,02265594,n,ariete,1
3622,00619453,n,agresión,1
3623,09896726,n,siete,1
3624,00382821,n,especialidad,2
3625,03956088,n,desnivel,1
3626,06725397,n,descenso,2
3627,02342772,n,broche,1
3628,06381104,n,cabeza,2
3629,07535673,n,competidora,3
3630,04081954,n,bucle,1
3631,02666240,n,granja,1
3632,00008019,n,fauna,2
3633,01393140,n,canguro,1
3634,01398689,n,koala,1
3635,01042899,n,emú,1
3636,07341678,n,diseñador,1
3637,03675696,n,cuidado,1
3638,00008864,n,flora,1
3639,10024561,n,hueco,2
3640,00220762,n,giro,1
3641,03976830,n,amplitud,1
3642,06947830,n,autoridad,1
3643,03956710,n,caída,1
3644,02699889,n,piso,1
3645,10313853,n,tensión,1
3646,04745386,n,vídeo,3
3647,00217955,n,adelantamiento,1
3648,00689955,n,retraso,1
3649,00172275,n,puesta_a_punto,1
3650,03948875,n,ritmo,1
3651,05035457,n,culpa,1
3652,04059885,n,zona,1
3653,03676318,n,precaución,1
3654,07028270,n,latinoamericano,1
3655,04482668,n,razón,1
3656,03395783,n,cuadra,1
3657,04918568,n,sentencia,8
3658,03013359,n,ciclomotor,6
3659,06147005,n,autoescuela,3
3660,00417674,n,prueba,3
3661,00739664,n,delegación,1
3662,07350806,n,magistrado,1
3663,02424826,n,chasis,2
3664,03930785,n,potencia,1
3665,05910986,n,alcohol,2
3666,04197156,n,sangre,3
3667,09574958,n,multa,1
3668,00192583,n,travesía,1
3669,10097920,n,embriaguez,2
3670,03117538,n,valla,1
3671,04984365,n,signo,1
3672,00422134,n,análisis,1
3673,09879963,n,gramo,1
3674,02859502,n,instrumento,1
3675,00762001,n,superación,1
3676,00810945,n,matrícula,1
3677,03985689,n,suficiencia,1
3678,05378329,n,examen,1
3679,03426653,n,calle,1
3680,00492547,n,infracción,1
3681,07488041,n,papa,2
3682,00215081,n,gesto,2
3683,00192460,n,peregrinación,1
3684,00795926,n,perdón,2
3685,00674885,n,bendición,1
3686,03470688,n,cinta,2
3687,05432762,n,suceso,1
3688,07172243,n,acompañante,1
3689,06097890,n,escolta,1
3690,07469416,n,personalidad,1
3691,03220253,n,grabación,1
3692,00331225,n,broma,2
3693,05573285,n,"alizedlemma=""de_mal_gusto",2
3694,00793584,n,burla,1
3695,07034349,n,polaco,1
3696,05576323,n,desagrado,1
3697,07270621,n,partidario,1
3698,07628051,n,simpatizante,1
3699,05371420,n,ruego,1
3700,05586373,n,revuelo,1
3701,05411061,n,anuncio,1
3702,06103694,n,audiencia,2
3703,04394770,n,impedimento,1
3704,50004741,n,Catalunya,1
3705,07640637,n,tercero,1
3706,50001022,n,valenciano,1
3707,03479878,n,telefonía,1
3708,00153241+10965545,n,comienzo,1
3709,06006951,n,imperio,1
3710,07006710,n,austriaco,1
